"mature_mirna_id","hgnc_symbol"
"hsa-miR-484","YWHAZ"
"hsa-miR-484","HSP90AA1"
"hsa-miR-484","PLOD1"
"hsa-miR-484","PRPS1"
"hsa-miR-484","RPL5"
"hsa-miR-484","RPLP0"
"hsa-miR-484","PSMG1"
"hsa-miR-484","BLOC1S6"
"hsa-miR-484","PTRH2"
"hsa-miR-484","GATAD2B"
"hsa-miR-484","HNRNPA3"
"hsa-miR-484","DSTN"
"hsa-miR-484","CHCHD2"
"hsa-miR-484","MT-CO3"
"hsa-miR-375","NETO2"
"hsa-miR-375","DNMT3B"
"hsa-miR-375","FAM3C"
"hsa-miR-375","HERPUD1"
"hsa-miR-375","CARD8"
"hsa-miR-375","IGFBP3"
"hsa-miR-375","CTSC"
"hsa-miR-375","YWHAZ"
"hsa-miR-375","CALU"
"hsa-miR-375","CDR2"
"hsa-miR-375","DPYSL3"
"hsa-miR-375","DUSP6"
"hsa-miR-375","IFI6"
"hsa-miR-375","HSP90AA1"
"hsa-miR-375","IFIT1"
"hsa-miR-375","PPP1R2"
"hsa-miR-375","RCN2"
"hsa-miR-375","SNAPC1"
"hsa-miR-375","SNRPA1"
"hsa-miR-375","TGM2"
"hsa-miR-375","PTP4A2"
"hsa-miR-375","RAB3D"
"hsa-miR-375","LHFPL2"
"hsa-miR-375","RRAGB"
"hsa-miR-375","TIMM17A"
"hsa-miR-375","CREB3"
"hsa-miR-375","SEMA3C"
"hsa-miR-375","SUB1"
"hsa-miR-375","PRDX3"
"hsa-miR-375","DNAJC8"
"hsa-miR-375","DPY19L1"
"hsa-miR-375","RHOQ"
"hsa-miR-375","TMED5"
"hsa-miR-375","RDH11"
"hsa-miR-375","GDAP1"
"hsa-miR-375","EXOC6"
"hsa-miR-375","PPP2R3C"
"hsa-miR-375","ENAH"
"hsa-miR-375","KLHL7"
"hsa-miR-375","BDH2"
"hsa-miR-375","PHTF2"
"hsa-miR-375","PBXIP1"
"hsa-miR-375","RAP2C"
"hsa-miR-375","LPCAT1"
"hsa-miR-375","LIMD2"
"hsa-miR-375","BATF2"
"hsa-miR-375","NUS1"
"hsa-miR-375","LSM12"
"hsa-miR-375","GALM"
"hsa-miR-375","TTC7B"
"hsa-miR-375","ZNF404"
"hsa-miR-375","SPOP"
"hsa-miR-375","PUDP"
"hsa-miR-375","RIDA"
"hsa-miR-375","CCN2"
"hsa-miR-375","PIP4P2"
"hsa-miR-137","E2F6"
"hsa-miR-137","PTGS2"
"hsa-miR-137","YBX1"
"hsa-miR-137","EIF1"
"hsa-miR-137","GLIPR1"
"hsa-miR-137","H3-5"
"hsa-miR-147b","NDUFA4"
"hsa-miR-147b","SDHD"
"hsa-miR-190b","ZNF264"
"hsa-miR-190b","MED4"
"hsa-miR-217","TMSB4X"
"hsa-miR-375","NETO2"
"hsa-miR-375","DNMT3B"
"hsa-miR-375","FAM3C"
"hsa-miR-375","HERPUD1"
"hsa-miR-375","CARD8"
"hsa-miR-375","IGFBP3"
"hsa-miR-375","CTSC"
"hsa-miR-375","YWHAZ"
"hsa-miR-375","CALU"
"hsa-miR-375","CDR2"
"hsa-miR-375","DPYSL3"
"hsa-miR-375","DUSP6"
"hsa-miR-375","IFI6"
"hsa-miR-375","HSP90AA1"
"hsa-miR-375","IFIT1"
"hsa-miR-375","PPP1R2"
"hsa-miR-375","RCN2"
"hsa-miR-375","SNAPC1"
"hsa-miR-375","SNRPA1"
"hsa-miR-375","TGM2"
"hsa-miR-375","PTP4A2"
"hsa-miR-375","RAB3D"
"hsa-miR-375","LHFPL2"
"hsa-miR-375","RRAGB"
"hsa-miR-375","TIMM17A"
"hsa-miR-375","CREB3"
"hsa-miR-375","SEMA3C"
"hsa-miR-375","SUB1"
"hsa-miR-375","PRDX3"
"hsa-miR-375","DNAJC8"
"hsa-miR-375","DPY19L1"
"hsa-miR-375","RHOQ"
"hsa-miR-375","TMED5"
"hsa-miR-375","RDH11"
"hsa-miR-375","GDAP1"
"hsa-miR-375","EXOC6"
"hsa-miR-375","PPP2R3C"
"hsa-miR-375","ENAH"
"hsa-miR-375","KLHL7"
"hsa-miR-375","BDH2"
"hsa-miR-375","PHTF2"
"hsa-miR-375","PBXIP1"
"hsa-miR-375","RAP2C"
"hsa-miR-375","LPCAT1"
"hsa-miR-375","LIMD2"
"hsa-miR-375","BATF2"
"hsa-miR-375","NUS1"
"hsa-miR-375","LSM12"
"hsa-miR-375","GALM"
"hsa-miR-375","TTC7B"
"hsa-miR-375","ZNF404"
"hsa-miR-375","SPOP"
"hsa-miR-375","PUDP"
"hsa-miR-375","RIDA"
"hsa-miR-375","CCN2"
"hsa-miR-375","PIP4P2"
"hsa-let-7a-5p","ZNF264"
"hsa-let-7a-5p","E2F6"
"hsa-let-7a-5p","TUSC2"
"hsa-let-7a-5p","IGF2BP1"
"hsa-let-7a-5p","HMGA2"
"hsa-let-7a-5p","NME4"
"hsa-let-7a-5p","ECHDC1"
"hsa-let-7a-5p","SOCS1"
"hsa-let-7a-5p","YWHAZ"
"hsa-let-7a-5p","CALU"
"hsa-let-7a-5p","RPSA"
"hsa-let-7a-5p","NAP1L1"
"hsa-let-7a-5p","PDGFB"
"hsa-let-7a-5p","RPL9"
"hsa-let-7a-5p","SNRPC"
"hsa-let-7a-5p","KMT2D"
"hsa-let-7a-5p","DEGS1"
"hsa-let-7a-5p","EIF3C"
"hsa-let-7a-5p","ZNF460"
"hsa-let-7a-5p","LILRB4"
"hsa-let-7a-5p","GPN1"
"hsa-let-7a-5p","TAF5L"
"hsa-let-7a-5p","TMED5"
"hsa-let-7a-5p","PGM2L1"
"hsa-let-7a-5p","CNBP"
"hsa-let-7a-5p","PLEKHO1"
"hsa-let-7a-5p","MT-ATP6"
"hsa-let-7b-5p","E2F3"
"hsa-let-7b-5p","ZNF264"
"hsa-let-7b-5p","SEC11A"
"hsa-let-7b-5p","E2F6"
"hsa-let-7b-5p","IGF2BP1"
"hsa-let-7b-5p","HMGA2"
"hsa-let-7b-5p","HMGB1"
"hsa-let-7b-5p","NME4"
"hsa-let-7b-5p","HERPUD1"
"hsa-let-7b-5p","ECHDC1"
"hsa-let-7b-5p","PTGS2"
"hsa-let-7b-5p","YWHAZ"
"hsa-let-7b-5p","RHOB"
"hsa-let-7b-5p","CALU"
"hsa-let-7b-5p","COX7B"
"hsa-let-7b-5p","TIMM8A"
"hsa-let-7b-5p","EIF4A2"
"hsa-let-7b-5p","GPX7"
"hsa-let-7b-5p","HSP90AA1"
"hsa-let-7b-5p","MT-CO2"
"hsa-let-7b-5p","NAP1L1"
"hsa-let-7b-5p","ORC4"
"hsa-let-7b-5p","PDGFB"
"hsa-let-7b-5p","PRPS1"
"hsa-let-7b-5p","SMARCA1"
"hsa-let-7b-5p","SPTBN2"
"hsa-let-7b-5p","TPBG"
"hsa-let-7b-5p","PXDN"
"hsa-let-7b-5p","PTP4A2"
"hsa-let-7b-5p","KMT2D"
"hsa-let-7b-5p","SLC25A12"
"hsa-let-7b-5p","EIF3C"
"hsa-let-7b-5p","EIF2B3"
"hsa-let-7b-5p","CCNA1"
"hsa-let-7b-5p","NSA2"
"hsa-let-7b-5p","IGF2BP2"
"hsa-let-7b-5p","ZNF460"
"hsa-let-7b-5p","DUSP12"
"hsa-let-7b-5p","DZIP1"
"hsa-let-7b-5p","TNRC6B"
"hsa-let-7b-5p","TES"
"hsa-let-7b-5p","TIMM9"
"hsa-let-7b-5p","OSTM1"
"hsa-let-7b-5p","TMED5"
"hsa-let-7b-5p","MRPS33"
"hsa-let-7b-5p","NSMCE4A"
"hsa-let-7b-5p","QRSL1"
"hsa-let-7b-5p","RIOK2"
"hsa-let-7b-5p","UTP6"
"hsa-let-7b-5p","C5orf15"
"hsa-let-7b-5p","MRPL47"
"hsa-let-7b-5p","RAP2C"
"hsa-let-7b-5p","LIMD2"
"hsa-let-7b-5p","SLC25A32"
"hsa-let-7b-5p","WDR75"
"hsa-let-7b-5p","LLPH"
"hsa-let-7b-5p","CYSTM1"
"hsa-let-7b-5p","TOE1"
"hsa-let-7b-5p","CTHRC1"
"hsa-let-7b-5p","C5orf24"
"hsa-let-7b-5p","CENPV"
"hsa-let-7b-5p","PGM2L1"
"hsa-let-7b-5p","SUMO1"
"hsa-let-7b-5p","SUMO2"
"hsa-let-7b-5p","TSEN15"
"hsa-let-7b-5p","CKB"
"hsa-let-7b-5p","UBE2A"
"hsa-let-7b-5p","PLEKHO1"
"hsa-let-7b-5p","RPL18A"
"hsa-let-7b-5p","MT-ND2"
"hsa-let-7b-5p","MT-ATP6"
"hsa-let-7b-5p","MT-CO3"
"hsa-let-7b-5p","CXCL8"
"hsa-let-7c-5p","ZNF264"
"hsa-let-7c-5p","E2F6"
"hsa-let-7c-5p","IGF2BP1"
"hsa-let-7c-5p","HMGA2"
"hsa-let-7c-5p","NME4"
"hsa-let-7c-5p","RHOB"
"hsa-let-7c-5p","CALU"
"hsa-let-7c-5p","NAP1L1"
"hsa-let-7c-5p","STAT2"
"hsa-let-7c-5p","KMT2D"
"hsa-let-7c-5p","RNF7"
"hsa-let-7c-5p","ZNF460"
"hsa-let-7c-5p","COPS8"
"hsa-let-7c-5p","COPS6"
"hsa-let-7c-5p","TAF5L"
"hsa-let-7c-5p","TMED5"
"hsa-let-7c-5p","LIMD2"
"hsa-let-7c-5p","C5orf24"
"hsa-let-7c-5p","PGM2L1"
"hsa-let-7c-5p","CREM"
"hsa-let-7c-5p","PLEKHO1"
"hsa-let-7c-5p","MAF1"
"hsa-let-7c-5p","MT-ATP6"
"hsa-let-7e-5p","ZNF264"
"hsa-let-7e-5p","E2F6"
"hsa-let-7e-5p","IGF2BP1"
"hsa-let-7e-5p","HMGA2"
"hsa-let-7e-5p","ECHDC1"
"hsa-let-7e-5p","YWHAZ"
"hsa-let-7e-5p","CALU"
"hsa-let-7e-5p","NAP1L1"
"hsa-let-7e-5p","PDGFB"
"hsa-let-7e-5p","SRSF2"
"hsa-let-7e-5p","UBE2V2"
"hsa-let-7e-5p","KMT2D"
"hsa-let-7e-5p","SUB1"
"hsa-let-7e-5p","DZIP1"
"hsa-let-7e-5p","TMED5"
"hsa-let-7e-5p","PGM2L1"
"hsa-let-7e-5p","CNBP"
"hsa-let-7e-5p","PLEKHO1"
"hsa-let-7e-5p","PIGP"
"hsa-let-7e-5p","MT-ND2"
"hsa-let-7e-5p","MT-ATP6"
"hsa-let-7e-5p","MT-CO3"
"hsa-let-7e-5p","H2BC18"
"hsa-miR-15a-5p","E2F3"
"hsa-miR-15a-5p","RNF138"
"hsa-miR-15a-5p","HMGA2"
"hsa-miR-15a-5p","ACTR1A"
"hsa-miR-15a-5p","ECHDC1"
"hsa-miR-15a-5p","RAD51C"
"hsa-miR-15a-5p","BMI1"
"hsa-miR-15a-5p","CALU"
"hsa-miR-15a-5p","CAPZA2"
"hsa-miR-15a-5p","DNAJA1"
"hsa-miR-15a-5p","ODC1"
"hsa-miR-15a-5p","PCMT1"
"hsa-miR-15a-5p","CDK17"
"hsa-miR-15a-5p","RET"
"hsa-miR-15a-5p","SNRPB2"
"hsa-miR-15a-5p","STXBP3"
"hsa-miR-15a-5p","TARBP2"
"hsa-miR-15a-5p","YWHAH"
"hsa-miR-15a-5p","KMT2D"
"hsa-miR-15a-5p","SLC25A12"
"hsa-miR-15a-5p","RPL14"
"hsa-miR-15a-5p","TBPL1"
"hsa-miR-15a-5p","BZW1"
"hsa-miR-15a-5p","HNRNPDL"
"hsa-miR-15a-5p","TNRC6B"
"hsa-miR-15a-5p","ANAPC13"
"hsa-miR-15a-5p","TMEM138"
"hsa-miR-15a-5p","POLE4"
"hsa-miR-15a-5p","RAPH1"
"hsa-miR-15a-5p","LURAP1L"
"hsa-miR-15a-5p","MTFR1L"
"hsa-miR-15a-5p","SCAMP5"
"hsa-miR-15a-5p","PPIL1"
"hsa-miR-15a-5p","ASNSD1"
"hsa-miR-15a-5p","ATP5MC3"
"hsa-miR-16-5p","E2F3"
"hsa-miR-16-5p","HSPD1"
"hsa-miR-16-5p","TUBA1A"
"hsa-miR-16-5p","ATP6V0E1"
"hsa-miR-16-5p","RNF138"
"hsa-miR-16-5p","SEC11A"
"hsa-miR-16-5p","SLC7A1"
"hsa-miR-16-5p","HMGA2"
"hsa-miR-16-5p","CREBL2"
"hsa-miR-16-5p","ECHDC1"
"hsa-miR-16-5p","RAD51C"
"hsa-miR-16-5p","VIM"
"hsa-miR-16-5p","PTGS2"
"hsa-miR-16-5p","TBP"
"hsa-miR-16-5p","ENY2"
"hsa-miR-16-5p","VMP1"
"hsa-miR-16-5p","ACTN1"
"hsa-miR-16-5p","ASNS"
"hsa-miR-16-5p","ATP6V1E1"
"hsa-miR-16-5p","AUP1"
"hsa-miR-16-5p","BTF3"
"hsa-miR-16-5p","CALU"
"hsa-miR-16-5p","CAPZA2"
"hsa-miR-16-5p","EEF1A1"
"hsa-miR-16-5p","EIF1AX"
"hsa-miR-16-5p","EIF4E"
"hsa-miR-16-5p","FNTA"
"hsa-miR-16-5p","FTL"
"hsa-miR-16-5p","GLRX"
"hsa-miR-16-5p","HNRNPA1"
"hsa-miR-16-5p","DNAJA1"
"hsa-miR-16-5p","HSP90AA1"
"hsa-miR-16-5p","KPNA2"
"hsa-miR-16-5p","LAMB1"
"hsa-miR-16-5p","RPSA"
"hsa-miR-16-5p","LIG4"
"hsa-miR-16-5p","MYO5B"
"hsa-miR-16-5p","YBX1"
"hsa-miR-16-5p","PCMT1"
"hsa-miR-16-5p","CDK17"
"hsa-miR-16-5p","PON2"
"hsa-miR-16-5p","PPT1"
"hsa-miR-16-5p","PRKAB2"
"hsa-miR-16-5p","PRNP"
"hsa-miR-16-5p","HTRA1"
"hsa-miR-16-5p","PSMB5"
"hsa-miR-16-5p","PSMC2"
"hsa-miR-16-5p","RAB1A"
"hsa-miR-16-5p","RAN"
"hsa-miR-16-5p","REL"
"hsa-miR-16-5p","RPL3"
"hsa-miR-16-5p","RPL4"
"hsa-miR-16-5p","RPL5"
"hsa-miR-16-5p","RPL6"
"hsa-miR-16-5p","RPL9"
"hsa-miR-16-5p","RPL10"
"hsa-miR-16-5p","RPL21"
"hsa-miR-16-5p","RPLP0"
"hsa-miR-16-5p","RPS2"
"hsa-miR-16-5p","RPS3A"
"hsa-miR-16-5p","RPS12"
"hsa-miR-16-5p","RPS25"
"hsa-miR-16-5p","RPS27"
"hsa-miR-16-5p","SNRPA1"
"hsa-miR-16-5p","SNRPB2"
"hsa-miR-16-5p","SNRPC"
"hsa-miR-16-5p","SPTBN2"
"hsa-miR-16-5p","STXBP3"
"hsa-miR-16-5p","TARBP2"
"hsa-miR-16-5p","TGFBI"
"hsa-miR-16-5p","TPBG"
"hsa-miR-16-5p","TPM2"
"hsa-miR-16-5p","CCT3"
"hsa-miR-16-5p","UBE2V1"
"hsa-miR-16-5p","YWHAH"
"hsa-miR-16-5p","KMT2D"
"hsa-miR-16-5p","SLC25A12"
"hsa-miR-16-5p","EIF3C"
"hsa-miR-16-5p","EIF3F"
"hsa-miR-16-5p","SUCLA2"
"hsa-miR-16-5p","RPL14"
"hsa-miR-16-5p","ZRANB2"
"hsa-miR-16-5p","TBPL1"
"hsa-miR-16-5p","BZW1"
"hsa-miR-16-5p","ARMCX2"
"hsa-miR-16-5p","HNRNPDL"
"hsa-miR-16-5p","EIF1"
"hsa-miR-16-5p","BCAS2"
"hsa-miR-16-5p","BTN3A3"
"hsa-miR-16-5p","TIMM17A"
"hsa-miR-16-5p","LAMTOR5"
"hsa-miR-16-5p","MTHFD2"
"hsa-miR-16-5p","MORF4L1"
"hsa-miR-16-5p","DNAJB4"
"hsa-miR-16-5p","ENPP4"
"hsa-miR-16-5p","TNRC6B"
"hsa-miR-16-5p","ANAPC13"
"hsa-miR-16-5p","NOL11"
"hsa-miR-16-5p","SYF2"
"hsa-miR-16-5p","HIGD1A"
"hsa-miR-16-5p","NARF"
"hsa-miR-16-5p","NDUFAF4"
"hsa-miR-16-5p","RRP15"
"hsa-miR-16-5p","GOLT1B"
"hsa-miR-16-5p","TNFRSF12A"
"hsa-miR-16-5p","COMMD10"
"hsa-miR-16-5p","MRPS23"
"hsa-miR-16-5p","CDK5RAP1"
"hsa-miR-16-5p","LUC7L3"
"hsa-miR-16-5p","C11orf24"
"hsa-miR-16-5p","CYCS"
"hsa-miR-16-5p","RHOF"
"hsa-miR-16-5p","GLT8D1"
"hsa-miR-16-5p","SNX6"
"hsa-miR-16-5p","MRPS25"
"hsa-miR-16-5p","MRPL1"
"hsa-miR-16-5p","RAPH1"
"hsa-miR-16-5p","SLC25A32"
"hsa-miR-16-5p","LMAN2L"
"hsa-miR-16-5p","SLIRP"
"hsa-miR-16-5p","WDR75"
"hsa-miR-16-5p","TMEM126A"
"hsa-miR-16-5p","LSM10"
"hsa-miR-16-5p","PHLDB2"
"hsa-miR-16-5p","MALSU1"
"hsa-miR-16-5p","THEM4"
"hsa-miR-16-5p","MRPL10"
"hsa-miR-16-5p","MRPL21"
"hsa-miR-16-5p","MICU2"
"hsa-miR-16-5p","LURAP1L"
"hsa-miR-16-5p","COA6"
"hsa-miR-16-5p","EIF3CL"
"hsa-miR-16-5p","MED11"
"hsa-miR-16-5p","FAM229B"
"hsa-miR-16-5p","MTFR1L"
"hsa-miR-16-5p","SCAMP5"
"hsa-miR-16-5p","MSL3"
"hsa-miR-16-5p","PPIL1"
"hsa-miR-16-5p","WDR5B"
"hsa-miR-16-5p","RIDA"
"hsa-miR-16-5p","BEX3"
"hsa-miR-16-5p","ATP5F1C"
"hsa-miR-16-5p","ATP5MC3"
"hsa-miR-16-5p","ZNRD2"
"hsa-miR-16-5p","H2BC4"
"hsa-miR-17-5p","E2F3"
"hsa-miR-17-5p","ATP6V0E1"
"hsa-miR-17-5p","NETO2"
"hsa-miR-17-5p","DDX5"
"hsa-miR-17-5p","ZNF264"
"hsa-miR-17-5p","HMGB1"
"hsa-miR-17-5p","CAV1"
"hsa-miR-17-5p","IGFBP3"
"hsa-miR-17-5p","YWHAZ"
"hsa-miR-17-5p","CLIC4"
"hsa-miR-17-5p","ASNS"
"hsa-miR-17-5p","B2M"
"hsa-miR-17-5p","EEF1A1"
"hsa-miR-17-5p","EIF4A2"
"hsa-miR-17-5p","GNAS"
"hsa-miR-17-5p","HMGB3"
"hsa-miR-17-5p","KPNA2"
"hsa-miR-17-5p","KRT10"
"hsa-miR-17-5p","DNAJB9"
"hsa-miR-17-5p","MT-CO2"
"hsa-miR-17-5p","NAP1L1"
"hsa-miR-17-5p","PRKACB"
"hsa-miR-17-5p","PRNP"
"hsa-miR-17-5p","RAN"
"hsa-miR-17-5p","RPA2"
"hsa-miR-17-5p","UBC"
"hsa-miR-17-5p","REEP5"
"hsa-miR-17-5p","COPS3"
"hsa-miR-17-5p","MORF4L2"
"hsa-miR-17-5p","LAPTM4A"
"hsa-miR-17-5p","NFAT5"
"hsa-miR-17-5p","MORF4L1"
"hsa-miR-17-5p","BTN3A1"
"hsa-miR-17-5p","TNRC6B"
"hsa-miR-17-5p","RRN3"
"hsa-miR-17-5p","CENPQ"
"hsa-miR-17-5p","EIF5A2"
"hsa-miR-17-5p","PHTF2"
"hsa-miR-17-5p","PBXIP1"
"hsa-miR-17-5p","RAP2C"
"hsa-miR-17-5p","SLC25A28"
"hsa-miR-17-5p","DNAL1"
"hsa-miR-17-5p","BRMS1L"
"hsa-miR-17-5p","BTF3L4"
"hsa-miR-17-5p","UBE2Q2"
"hsa-miR-17-5p","CNEP1R1"
"hsa-miR-17-5p","PGM2L1"
"hsa-miR-17-5p","KANSL1"
"hsa-miR-17-5p","AKTIP"
"hsa-miR-17-5p","CHIC1"
"hsa-miR-17-5p","FEZ2"
"hsa-miR-17-5p","SMIM13"
"hsa-miR-17-5p","RPS27A"
"hsa-miR-17-5p","SCAMP5"
"hsa-miR-17-5p","BTN3A2"
"hsa-miR-17-5p","DNM1L"
"hsa-miR-17-5p","AAK1"
"hsa-miR-17-5p","ZBTB7A"
"hsa-miR-17-5p","CCDC71L"
"hsa-miR-17-5p","MT-ND2"
"hsa-miR-17-5p","MT-ATP6"
"hsa-miR-17-5p","ARMT1"
"hsa-miR-17-5p","MOSMO"
"hsa-miR-17-3p","HMGA2"
"hsa-miR-17-3p","VIM"
"hsa-miR-17-3p","YWHAZ"
"hsa-miR-17-3p","EIF1AX"
"hsa-miR-17-3p","KPNA2"
"hsa-miR-17-3p","RAB1A"
"hsa-miR-17-3p","NFAT5"
"hsa-miR-17-3p","FAM98A"
"hsa-miR-18a-5p","DDX5"
"hsa-miR-18a-5p","CREBL2"
"hsa-miR-18a-5p","HSF2"
"hsa-miR-18a-5p","COX7B"
"hsa-miR-18a-5p","GNAS"
"hsa-miR-18a-5p","PSMB5"
"hsa-miR-18a-5p","TBPL1"
"hsa-miR-18a-5p","SUPT7L"
"hsa-miR-18a-5p","TNRC6B"
"hsa-miR-18a-5p","RNF146"
"hsa-miR-18a-5p","CCN2"
"hsa-miR-19a-3p","ATP6V0E1"
"hsa-miR-19a-3p","CREBL2"
"hsa-miR-19a-3p","SOCS1"
"hsa-miR-19a-3p","ERBB4"
"hsa-miR-19a-3p","RHOB"
"hsa-miR-19a-3p","DAD1"
"hsa-miR-19a-3p","CLIC4"
"hsa-miR-19a-3p","EIF4A2"
"hsa-miR-19a-3p","GMFB"
"hsa-miR-19a-3p","HPRT1"
"hsa-miR-19a-3p","PFN2"
"hsa-miR-19a-3p","PRKACB"
"hsa-miR-19a-3p","RAB1A"
"hsa-miR-19a-3p","RAB13"
"hsa-miR-19a-3p","RAN"
"hsa-miR-19a-3p","ENPP4"
"hsa-miR-19a-3p","TNRC6B"
"hsa-miR-19a-3p","CBY1"
"hsa-miR-19a-3p","NRBF2"
"hsa-miR-19a-3p","TNFRSF12A"
"hsa-miR-19a-3p","C2orf42"
"hsa-miR-19a-3p","PMEPA1"
"hsa-miR-19a-3p","GATAD2B"
"hsa-miR-19a-3p","KLHL42"
"hsa-miR-19a-3p","USP37"
"hsa-miR-19a-3p","RAP2C"
"hsa-miR-19a-3p","MRPL17"
"hsa-miR-19a-3p","DSN1"
"hsa-miR-19a-3p","COQ10B"
"hsa-miR-19a-3p","BTF3L4"
"hsa-miR-19a-3p","C5orf24"
"hsa-miR-19a-3p","MB21D2"
"hsa-miR-19a-3p","SPTSSA"
"hsa-miR-19a-3p","JAZF1"
"hsa-miR-19a-3p","PGM2L1"
"hsa-miR-19a-3p","RAB2B"
"hsa-miR-19a-3p","BCL7B"
"hsa-miR-19a-3p","UBE2A"
"hsa-miR-19a-3p","ATG5"
"hsa-miR-19b-3p","ATP6V0E1"
"hsa-miR-19b-3p","CREBL2"
"hsa-miR-19b-3p","SOCS1"
"hsa-miR-19b-3p","RHOB"
"hsa-miR-19b-3p","DAD1"
"hsa-miR-19b-3p","CLIC4"
"hsa-miR-19b-3p","ACVR1"
"hsa-miR-19b-3p","EIF4A2"
"hsa-miR-19b-3p","GMFB"
"hsa-miR-19b-3p","HNRNPA1"
"hsa-miR-19b-3p","HPRT1"
"hsa-miR-19b-3p","PFN2"
"hsa-miR-19b-3p","PRKACB"
"hsa-miR-19b-3p","RAB1A"
"hsa-miR-19b-3p","RAN"
"hsa-miR-19b-3p","RPA2"
"hsa-miR-19b-3p","DEGS1"
"hsa-miR-19b-3p","ENPP4"
"hsa-miR-19b-3p","TNRC6B"
"hsa-miR-19b-3p","CBY1"
"hsa-miR-19b-3p","NRBF2"
"hsa-miR-19b-3p","TNFRSF12A"
"hsa-miR-19b-3p","TMEM138"
"hsa-miR-19b-3p","C2orf42"
"hsa-miR-19b-3p","TMEM45A"
"hsa-miR-19b-3p","ANKRD10"
"hsa-miR-19b-3p","GATAD2B"
"hsa-miR-19b-3p","KLHL42"
"hsa-miR-19b-3p","USP37"
"hsa-miR-19b-3p","MRPL17"
"hsa-miR-19b-3p","COQ10B"
"hsa-miR-19b-3p","BTF3L4"
"hsa-miR-19b-3p","C5orf24"
"hsa-miR-19b-3p","MB21D2"
"hsa-miR-19b-3p","SPTSSA"
"hsa-miR-19b-3p","JAZF1"
"hsa-miR-19b-3p","PGM2L1"
"hsa-miR-19b-3p","RAB2B"
"hsa-miR-19b-3p","UBE2A"
"hsa-miR-19b-3p","ATG5"
"hsa-miR-19b-3p","NUTF2"
"hsa-miR-20a-5p","E2F3"
"hsa-miR-20a-5p","GJA1"
"hsa-miR-20a-5p","NETO2"
"hsa-miR-20a-5p","DDX5"
"hsa-miR-20a-5p","ZNF264"
"hsa-miR-20a-5p","CAV1"
"hsa-miR-20a-5p","YWHAZ"
"hsa-miR-20a-5p","CLIC4"
"hsa-miR-20a-5p","B2M"
"hsa-miR-20a-5p","EIF4A2"
"hsa-miR-20a-5p","KPNA2"
"hsa-miR-20a-5p","KRT10"
"hsa-miR-20a-5p","DNAJB9"
"hsa-miR-20a-5p","NAP1L1"
"hsa-miR-20a-5p","PRKACB"
"hsa-miR-20a-5p","RAN"
"hsa-miR-20a-5p","RPA2"
"hsa-miR-20a-5p","SRSF2"
"hsa-miR-20a-5p","UBC"
"hsa-miR-20a-5p","REEP5"
"hsa-miR-20a-5p","MORF4L2"
"hsa-miR-20a-5p","LAPTM4A"
"hsa-miR-20a-5p","BTN3A3"
"hsa-miR-20a-5p","DCTN6"
"hsa-miR-20a-5p","NFAT5"
"hsa-miR-20a-5p","MORF4L1"
"hsa-miR-20a-5p","DNAJB4"
"hsa-miR-20a-5p","BTN3A1"
"hsa-miR-20a-5p","RRAS2"
"hsa-miR-20a-5p","TNRC6B"
"hsa-miR-20a-5p","OSTM1"
"hsa-miR-20a-5p","CERCAM"
"hsa-miR-20a-5p","TMEM138"
"hsa-miR-20a-5p","RRN3"
"hsa-miR-20a-5p","CENPQ"
"hsa-miR-20a-5p","EIF5A2"
"hsa-miR-20a-5p","PHTF2"
"hsa-miR-20a-5p","PBXIP1"
"hsa-miR-20a-5p","RAP2C"
"hsa-miR-20a-5p","SLC25A28"
"hsa-miR-20a-5p","DNAL1"
"hsa-miR-20a-5p","BRMS1L"
"hsa-miR-20a-5p","BTF3L4"
"hsa-miR-20a-5p","UBE2Q2"
"hsa-miR-20a-5p","PGM2L1"
"hsa-miR-20a-5p","AKTIP"
"hsa-miR-20a-5p","PHYH"
"hsa-miR-20a-5p","FEZ2"
"hsa-miR-20a-5p","SMIM13"
"hsa-miR-20a-5p","LRP12"
"hsa-miR-20a-5p","SCAMP5"
"hsa-miR-20a-5p","BTN3A2"
"hsa-miR-20a-5p","DNM1L"
"hsa-miR-20a-5p","AAK1"
"hsa-miR-20a-5p","ZBTB7A"
"hsa-miR-20a-5p","TMEM242"
"hsa-miR-20a-5p","CCDC71L"
"hsa-miR-20a-5p","MT-ATP6"
"hsa-miR-20a-5p","VCPKMT"
"hsa-miR-20a-5p","ARMT1"
"hsa-miR-20a-5p","TMEM267"
"hsa-miR-20a-5p","RTF2"
"hsa-miR-21-5p","TPM1"
"hsa-miR-21-5p","E2F3"
"hsa-miR-21-5p","RFFL"
"hsa-miR-21-5p","NETO2"
"hsa-miR-21-5p","FAM3C"
"hsa-miR-21-5p","HNRNPK"
"hsa-miR-21-5p","RHOB"
"hsa-miR-21-5p","ZBTB20"
"hsa-miR-21-5p","CALD1"
"hsa-miR-21-5p","CCR1"
"hsa-miR-21-5p","COL5A2"
"hsa-miR-21-5p","EIF1AX"
"hsa-miR-21-5p","HMGB3"
"hsa-miR-21-5p","OLR1"
"hsa-miR-21-5p","TNFRSF11B"
"hsa-miR-21-5p","SERPINI1"
"hsa-miR-21-5p","PRKAB2"
"hsa-miR-21-5p","RPS7"
"hsa-miR-21-5p","CCL20"
"hsa-miR-21-5p","SGCB"
"hsa-miR-21-5p","TGFBI"
"hsa-miR-21-5p","SRSF11"
"hsa-miR-21-5p","NFAT5"
"hsa-miR-21-5p","FERMT2"
"hsa-miR-21-5p","FILIP1L"
"hsa-miR-21-5p","PALLD"
"hsa-miR-21-5p","TNRC6B"
"hsa-miR-21-5p","RHOQ"
"hsa-miR-21-5p","TTC33"
"hsa-miR-21-5p","ARMCX3"
"hsa-miR-21-5p","CENPQ"
"hsa-miR-21-5p","ENAH"
"hsa-miR-21-5p","BDH2"
"hsa-miR-21-5p","KLHL42"
"hsa-miR-21-5p","MOAP1"
"hsa-miR-21-5p","RAPH1"
"hsa-miR-21-5p","NUBPL"
"hsa-miR-21-5p","RAB6C"
"hsa-miR-21-5p","SAMD5"
"hsa-miR-21-5p","CCT6P1"
"hsa-miR-21-5p","CXCL10"
"hsa-miR-21-5p","RNF185"
"hsa-miR-21-5p","DNM1L"
"hsa-miR-21-5p","TLCD4"
"hsa-miR-22-3p","YWHAZ"
"hsa-miR-22-3p","DAD1"
"hsa-miR-22-3p","BTF3"
"hsa-miR-22-3p","RPSA"
"hsa-miR-22-3p","LGALS1"
"hsa-miR-22-3p","RGS2"
"hsa-miR-22-3p","SRSF7"
"hsa-miR-22-3p","C5orf24"
"hsa-miR-22-3p","HNRNPA3"
"hsa-miR-22-3p","CCN1"
"hsa-miR-23a-3p","GJA1"
"hsa-miR-23a-3p","ASNS"
"hsa-miR-23a-3p","GLS"
"hsa-miR-23a-3p","RPL7L1"
"hsa-miR-23a-3p","CXCL8"
"hsa-miR-24-3p","E2F3"
"hsa-miR-24-3p","ACAA2"
"hsa-miR-24-3p","PDLIM7"
"hsa-miR-24-3p","NETO2"
"hsa-miR-24-3p","ZNF264"
"hsa-miR-24-3p","SLC7A1"
"hsa-miR-24-3p","HSF2"
"hsa-miR-24-3p","EEF1A1"
"hsa-miR-24-3p","GMFB"
"hsa-miR-24-3p","HNRNPA1"
"hsa-miR-24-3p","NASP"
"hsa-miR-24-3p","OLR1"
"hsa-miR-24-3p","PCNA"
"hsa-miR-24-3p","CCL2"
"hsa-miR-24-3p","SNRPB2"
"hsa-miR-24-3p","UBC"
"hsa-miR-24-3p","GNPAT"
"hsa-miR-24-3p","GYG2"
"hsa-miR-24-3p","TBPL1"
"hsa-miR-24-3p","BZW1"
"hsa-miR-24-3p","NOP56"
"hsa-miR-24-3p","NFAT5"
"hsa-miR-24-3p","EXOSC8"
"hsa-miR-24-3p","DCAF4"
"hsa-miR-24-3p","NARF"
"hsa-miR-24-3p","ALG5"
"hsa-miR-24-3p","MRPL27"
"hsa-miR-24-3p","FBLIM1"
"hsa-miR-24-3p","RAP2C"
"hsa-miR-24-3p","MRPL40"
"hsa-miR-24-3p","C8orf33"
"hsa-miR-24-3p","NUBPL"
"hsa-miR-24-3p","PCGF6"
"hsa-miR-24-3p","MALSU1"
"hsa-miR-24-3p","CMTM3"
"hsa-miR-24-3p","LSM12"
"hsa-miR-24-3p","RPL7L1"
"hsa-miR-24-3p","CISD2"
"hsa-miR-24-3p","RANBP1"
"hsa-miR-24-3p","AAK1"
"hsa-miR-24-3p","THAP12"
"hsa-miR-24-3p","GET1"
"hsa-miR-24-3p","NIPSNAP2"
"hsa-miR-26a-5p","HSPD1"
"hsa-miR-26a-5p","DNMT3B"
"hsa-miR-26a-5p","SLC7A1"
"hsa-miR-26a-5p","HMGA2"
"hsa-miR-26a-5p","PTGS2"
"hsa-miR-26a-5p","CLIC4"
"hsa-miR-26a-5p","ACVR1"
"hsa-miR-26a-5p","CDC6"
"hsa-miR-26a-5p","KPNA2"
"hsa-miR-26a-5p","SDCBP"
"hsa-miR-26a-5p","HSPA13"
"hsa-miR-26a-5p","MFHAS1"
"hsa-miR-26a-5p","NSA2"
"hsa-miR-26a-5p","PRDX3"
"hsa-miR-26a-5p","TNRC6B"
"hsa-miR-26a-5p","RHOQ"
"hsa-miR-26a-5p","GDAP1"
"hsa-miR-26a-5p","KLHL42"
"hsa-miR-26a-5p","ZNF410"
"hsa-miR-26a-5p","NUS1"
"hsa-miR-26a-5p","FAM177A1"
"hsa-miR-26a-5p","CNBP"
"hsa-miR-26a-5p","BCL7B"
"hsa-miR-26a-5p","TTN"
"hsa-miR-26a-5p","UBE2A"
"hsa-miR-26a-5p","EID2B"
"hsa-miR-26a-5p","EEF1B2"
"hsa-miR-26b-5p","AGTR1"
"hsa-miR-26b-5p","HSPD1"
"hsa-miR-26b-5p","ACAA2"
"hsa-miR-26b-5p","MMD"
"hsa-miR-26b-5p","CAV1"
"hsa-miR-26b-5p","HERPUD1"
"hsa-miR-26b-5p","RAD51C"
"hsa-miR-26b-5p","TIA1"
"hsa-miR-26b-5p","PTPRO"
"hsa-miR-26b-5p","VIM"
"hsa-miR-26b-5p","PTGS2"
"hsa-miR-26b-5p","AP3M2"
"hsa-miR-26b-5p","HSF2"
"hsa-miR-26b-5p","ZBTB20"
"hsa-miR-26b-5p","ANXA5"
"hsa-miR-26b-5p","ASNS"
"hsa-miR-26b-5p","AUP1"
"hsa-miR-26b-5p","C1QB"
"hsa-miR-26b-5p","TMEM50B"
"hsa-miR-26b-5p","CA1"
"hsa-miR-26b-5p","CA9"
"hsa-miR-26b-5p","CD36"
"hsa-miR-26b-5p","RCBTB2"
"hsa-miR-26b-5p","COL4A5"
"hsa-miR-26b-5p","CTSZ"
"hsa-miR-26b-5p","CYP4A11"
"hsa-miR-26b-5p","CYP27B1"
"hsa-miR-26b-5p","DPYSL3"
"hsa-miR-26b-5p","EIF1AX"
"hsa-miR-26b-5p","EXT2"
"hsa-miR-26b-5p","GPC4"
"hsa-miR-26b-5p","FOXF2"
"hsa-miR-26b-5p","GBP2"
"hsa-miR-26b-5p","GLRX"
"hsa-miR-26b-5p","GPR22"
"hsa-miR-26b-5p","HEXB"
"hsa-miR-26b-5p","CFI"
"hsa-miR-26b-5p","KPNA2"
"hsa-miR-26b-5p","LCAT"
"hsa-miR-26b-5p","LIG4"
"hsa-miR-26b-5p","MATN3"
"hsa-miR-26b-5p","MDH1"
"hsa-miR-26b-5p","MGP"
"hsa-miR-26b-5p","MGST3"
"hsa-miR-26b-5p","MMP10"
"hsa-miR-26b-5p","MNDA"
"hsa-miR-26b-5p","MPV17"
"hsa-miR-26b-5p","MUC7"
"hsa-miR-26b-5p","MYBPC1"
"hsa-miR-26b-5p","NAP1L1"
"hsa-miR-26b-5p","NDUFA5"
"hsa-miR-26b-5p","NDUFB4"
"hsa-miR-26b-5p","NDUFB5"
"hsa-miR-26b-5p","PCNA"
"hsa-miR-26b-5p","PDGFB"
"hsa-miR-26b-5p","PFDN5"
"hsa-miR-26b-5p","PFN2"
"hsa-miR-26b-5p","CDK14"
"hsa-miR-26b-5p","POLR2F"
"hsa-miR-26b-5p","POLR2G"
"hsa-miR-26b-5p","PPT1"
"hsa-miR-26b-5p","PKN1"
"hsa-miR-26b-5p","HTRA1"
"hsa-miR-26b-5p","PSMC1"
"hsa-miR-26b-5p","PSMC6"
"hsa-miR-26b-5p","PSME1"
"hsa-miR-26b-5p","RAP1B"
"hsa-miR-26b-5p","RCN2"
"hsa-miR-26b-5p","RNASE1"
"hsa-miR-26b-5p","RNASE6"
"hsa-miR-26b-5p","ROS1"
"hsa-miR-26b-5p","RPA3"
"hsa-miR-26b-5p","RPL6"
"hsa-miR-26b-5p","RPL39"
"hsa-miR-26b-5p","RXRB"
"hsa-miR-26b-5p","S100A7"
"hsa-miR-26b-5p","CCL2"
"hsa-miR-26b-5p","CXCL6"
"hsa-miR-26b-5p","SFRP4"
"hsa-miR-26b-5p","SMN1"
"hsa-miR-26b-5p","SMS"
"hsa-miR-26b-5p","SNRPC"
"hsa-miR-26b-5p","SRF"
"hsa-miR-26b-5p","SRP9"
"hsa-miR-26b-5p","SRP14"
"hsa-miR-26b-5p","HSPA13"
"hsa-miR-26b-5p","STXBP3"
"hsa-miR-26b-5p","TAGLN"
"hsa-miR-26b-5p","TARBP2"
"hsa-miR-26b-5p","TGFB1I1"
"hsa-miR-26b-5p","TGFBI"
"hsa-miR-26b-5p","TIMP1"
"hsa-miR-26b-5p","UBE2V2"
"hsa-miR-26b-5p","ZNF84"
"hsa-miR-26b-5p","ZNF140"
"hsa-miR-26b-5p","NME5"
"hsa-miR-26b-5p","SUPT3H"
"hsa-miR-26b-5p","STK16"
"hsa-miR-26b-5p","DPM1"
"hsa-miR-26b-5p","BUD31"
"hsa-miR-26b-5p","MFHAS1"
"hsa-miR-26b-5p","TCEAL1"
"hsa-miR-26b-5p","SDC3"
"hsa-miR-26b-5p","TOX"
"hsa-miR-26b-5p","ARMCX2"
"hsa-miR-26b-5p","TMCC2"
"hsa-miR-26b-5p","CLEC2B"
"hsa-miR-26b-5p","TSFM"
"hsa-miR-26b-5p","SMNDC1"
"hsa-miR-26b-5p","SNAPC5"
"hsa-miR-26b-5p","BTN3A3"
"hsa-miR-26b-5p","NSA2"
"hsa-miR-26b-5p","C1D"
"hsa-miR-26b-5p","IFI44"
"hsa-miR-26b-5p","CCT7"
"hsa-miR-26b-5p","GNB5"
"hsa-miR-26b-5p","POP4"
"hsa-miR-26b-5p","RAB40B"
"hsa-miR-26b-5p","RAB32"
"hsa-miR-26b-5p","DNAJB4"
"hsa-miR-26b-5p","DUSP12"
"hsa-miR-26b-5p","PARK7"
"hsa-miR-26b-5p","RRAS2"
"hsa-miR-26b-5p","TNRC6B"
"hsa-miR-26b-5p","ASTN2"
"hsa-miR-26b-5p","POFUT2"
"hsa-miR-26b-5p","DPY19L1"
"hsa-miR-26b-5p","SEC61G"
"hsa-miR-26b-5p","CBY1"
"hsa-miR-26b-5p","ANAPC13"
"hsa-miR-26b-5p","NSL1"
"hsa-miR-26b-5p","FAM98A"
"hsa-miR-26b-5p","TSPAN13"
"hsa-miR-26b-5p","OSTM1"
"hsa-miR-26b-5p","RGCC"
"hsa-miR-26b-5p","TMEM230"
"hsa-miR-26b-5p","C1GALT1C1"
"hsa-miR-26b-5p","C6orf15"
"hsa-miR-26b-5p","DONSON"
"hsa-miR-26b-5p","TAS2R13"
"hsa-miR-26b-5p","PDE11A"
"hsa-miR-26b-5p","TMED5"
"hsa-miR-26b-5p","TPRKB"
"hsa-miR-26b-5p","FAHD2A"
"hsa-miR-26b-5p","RRP15"
"hsa-miR-26b-5p","GLRX2"
"hsa-miR-26b-5p","HSD17B11"
"hsa-miR-26b-5p","HSD17B14"
"hsa-miR-26b-5p","COPZ2"
"hsa-miR-26b-5p","POMP"
"hsa-miR-26b-5p","PTRH2"
"hsa-miR-26b-5p","RIPK4"
"hsa-miR-26b-5p","GDAP1"
"hsa-miR-26b-5p","ASPN"
"hsa-miR-26b-5p","SLFN12"
"hsa-miR-26b-5p","ARMC1"
"hsa-miR-26b-5p","CENPQ"
"hsa-miR-26b-5p","CSGALNACT2"
"hsa-miR-26b-5p","ZKSCAN7"
"hsa-miR-26b-5p","DNAJC12"
"hsa-miR-26b-5p","PBXIP1"
"hsa-miR-26b-5p","KLHL42"
"hsa-miR-26b-5p","ZNF410"
"hsa-miR-26b-5p","CASD1"
"hsa-miR-26b-5p","MRPS15"
"hsa-miR-26b-5p","C8orf33"
"hsa-miR-26b-5p","CRELD1"
"hsa-miR-26b-5p","METRN"
"hsa-miR-26b-5p","PDCL3"
"hsa-miR-26b-5p","DSCC1"
"hsa-miR-26b-5p","APOO"
"hsa-miR-26b-5p","FKRP"
"hsa-miR-26b-5p","LPCAT1"
"hsa-miR-26b-5p","ACTR5"
"hsa-miR-26b-5p","LMAN2L"
"hsa-miR-26b-5p","SLC25A28"
"hsa-miR-26b-5p","GTF2IRD2"
"hsa-miR-26b-5p","THAP3"
"hsa-miR-26b-5p","GADD45GIP1"
"hsa-miR-26b-5p","RSAD2"
"hsa-miR-26b-5p","CHMP7"
"hsa-miR-26b-5p","TEX30"
"hsa-miR-26b-5p","C1orf216"
"hsa-miR-26b-5p","SLC38A6"
"hsa-miR-26b-5p","FAHD2B"
"hsa-miR-26b-5p","MICU2"
"hsa-miR-26b-5p","S100A7A"
"hsa-miR-26b-5p","GTF2IRD2B"
"hsa-miR-26b-5p","BCL7B"
"hsa-miR-26b-5p","TCEAL9"
"hsa-miR-26b-5p","MCUB"
"hsa-miR-26b-5p","TIGAR"
"hsa-miR-26b-5p","SEM1"
"hsa-miR-26b-5p","SEPTIN7"
"hsa-miR-26b-5p","GASK1B"
"hsa-miR-26b-5p","GET1"
"hsa-miR-26b-5p","H2BC18"
"hsa-miR-26b-5p","POGLUT2"
"hsa-miR-26b-5p","CCN1"
"hsa-miR-26b-5p","H1-3"
"hsa-miR-26b-5p","H2BC4"
"hsa-miR-26b-5p","CCN6"
"hsa-miR-26b-5p","MIR22HG"
"hsa-miR-27a-3p","BMI1"
"hsa-miR-27a-3p","MMP13"
"hsa-miR-27a-3p","ZBTB20"
"hsa-miR-27a-3p","BNIP3"
"hsa-miR-27a-3p","OLR1"
"hsa-miR-27a-3p","RREB1"
"hsa-miR-27a-3p","UBE2D1"
"hsa-miR-27a-3p","KMT2D"
"hsa-miR-27a-3p","BUB3"
"hsa-miR-27a-3p","BAG2"
"hsa-miR-27a-3p","TARDBP"
"hsa-miR-27a-3p","HIPK2"
"hsa-miR-27a-3p","TMED5"
"hsa-miR-27a-3p","EIF5A2"
"hsa-miR-27a-3p","LPCAT1"
"hsa-miR-27a-3p","ZFP1"
"hsa-miR-27a-3p","PGM2L1"
"hsa-miR-27a-3p","SLC46A3"
"hsa-miR-27a-3p","RNF139"
"hsa-miR-27a-3p","BEX3"
"hsa-miR-27a-3p","ATP5MC3"
"hsa-miR-27a-3p","DIPK1A"
"hsa-miR-27a-3p","TCIM"
"hsa-miR-28-5p","E2F6"
"hsa-miR-28-5p","CD276"
"hsa-miR-28-5p","RAP1B"
"hsa-miR-28-5p","TSC22D1"
"hsa-miR-30a-5p","PDLIM7"
"hsa-miR-30a-5p","RNF138"
"hsa-miR-30a-5p","ZNF264"
"hsa-miR-30a-5p","SEC11A"
"hsa-miR-30a-5p","SOCS1"
"hsa-miR-30a-5p","VIM"
"hsa-miR-30a-5p","YWHAZ"
"hsa-miR-30a-5p","RHOB"
"hsa-miR-30a-5p","CDH2"
"hsa-miR-30a-5p","CTSL"
"hsa-miR-30a-5p","TIMM8A"
"hsa-miR-30a-5p","EEF1A1"
"hsa-miR-30a-5p","FRG1"
"hsa-miR-30a-5p","GLRX"
"hsa-miR-30a-5p","GMFB"
"hsa-miR-30a-5p","HNRNPA1"
"hsa-miR-30a-5p","DNAJA1"
"hsa-miR-30a-5p","NAP1L1"
"hsa-miR-30a-5p","PCNA"
"hsa-miR-30a-5p","PPP1R2"
"hsa-miR-30a-5p","RPA2"
"hsa-miR-30a-5p","SDCBP"
"hsa-miR-30a-5p","SRSF7"
"hsa-miR-30a-5p","SMARCA1"
"hsa-miR-30a-5p","SMN1"
"hsa-miR-30a-5p","TGFBI"
"hsa-miR-30a-5p","TGM2"
"hsa-miR-30a-5p","TPBG"
"hsa-miR-30a-5p","REEP5"
"hsa-miR-30a-5p","SUCLA2"
"hsa-miR-30a-5p","TBPL1"
"hsa-miR-30a-5p","LHFPL2"
"hsa-miR-30a-5p","EIF1"
"hsa-miR-30a-5p","C1D"
"hsa-miR-30a-5p","TIMM17A"
"hsa-miR-30a-5p","PAIP1"
"hsa-miR-30a-5p","NFAT5"
"hsa-miR-30a-5p","RPP40"
"hsa-miR-30a-5p","ME3"
"hsa-miR-30a-5p","GLIPR1"
"hsa-miR-30a-5p","DNAJB4"
"hsa-miR-30a-5p","ENPP4"
"hsa-miR-30a-5p","DPY19L1"
"hsa-miR-30a-5p","TIMM9"
"hsa-miR-30a-5p","NFU1"
"hsa-miR-30a-5p","NXT1"
"hsa-miR-30a-5p","PYCR2"
"hsa-miR-30a-5p","TMED5"
"hsa-miR-30a-5p","RRP15"
"hsa-miR-30a-5p","NDUFAF1"
"hsa-miR-30a-5p","DYNC1LI1"
"hsa-miR-30a-5p","RHOF"
"hsa-miR-30a-5p","UTP6"
"hsa-miR-30a-5p","USE1"
"hsa-miR-30a-5p","C5orf15"
"hsa-miR-30a-5p","PHTF2"
"hsa-miR-30a-5p","GATAD2B"
"hsa-miR-30a-5p","LPCAT1"
"hsa-miR-30a-5p","MAP1LC3B"
"hsa-miR-30a-5p","RAB34"
"hsa-miR-30a-5p","WDR75"
"hsa-miR-30a-5p","THEM4"
"hsa-miR-30a-5p","IKBIP"
"hsa-miR-30a-5p","LSM12"
"hsa-miR-30a-5p","HNRNPA1L2"
"hsa-miR-30a-5p","CNPY4"
"hsa-miR-30a-5p","IFNE"
"hsa-miR-30a-5p","GOLGA8B"
"hsa-miR-30a-5p","IKZF2"
"hsa-miR-30a-5p","PPP3CB"
"hsa-miR-30a-5p","SAE1"
"hsa-miR-30a-5p","CCDC71L"
"hsa-miR-30a-5p","UTP11"
"hsa-miR-30a-5p","NIFK"
"hsa-miR-30a-5p","SEPTIN7"
"hsa-miR-30a-5p","CAVIN3"
"hsa-miR-30a-5p","H1-1"
"hsa-miR-30a-3p","TUBA1A"
"hsa-miR-30a-3p","YWHAZ"
"hsa-miR-30a-3p","KPNA2"
"hsa-miR-30a-3p","EIF1"
"hsa-miR-30a-3p","MTHFD2"
"hsa-miR-30a-3p","RAB31"
"hsa-miR-30a-3p","GATAD2B"
"hsa-miR-30a-3p","EOGT"
"hsa-miR-30a-3p","CCN1"
"hsa-miR-33a-5p","ATP6V0E1"
"hsa-miR-33a-5p","HMGA2"
"hsa-miR-33a-5p","TIA1"
"hsa-miR-33a-5p","YWHAH"
"hsa-miR-92a-3p","E2F3"
"hsa-miR-92a-3p","RFFL"
"hsa-miR-92a-3p","DDX5"
"hsa-miR-92a-3p","ZNF264"
"hsa-miR-92a-3p","TUSC2"
"hsa-miR-92a-3p","HMGA2"
"hsa-miR-92a-3p","ITGA5"
"hsa-miR-92a-3p","BMPR1A"
"hsa-miR-92a-3p","CD69"
"hsa-miR-92a-3p","GABPA"
"hsa-miR-92a-3p","KAT2A"
"hsa-miR-92a-3p","DNAJB9"
"hsa-miR-92a-3p","RPL3"
"hsa-miR-92a-3p","GEMIN2"
"hsa-miR-92a-3p","LHFPL2"
"hsa-miR-92a-3p","EIF1"
"hsa-miR-92a-3p","CCT7"
"hsa-miR-92a-3p","GOLGA8A"
"hsa-miR-92a-3p","C11orf24"
"hsa-miR-92a-3p","RRN3"
"hsa-miR-92a-3p","PMEPA1"
"hsa-miR-92a-3p","PHTF2"
"hsa-miR-92a-3p","NHSL1"
"hsa-miR-92a-3p","GATAD2B"
"hsa-miR-92a-3p","KLHL42"
"hsa-miR-92a-3p","MOAP1"
"hsa-miR-92a-3p","SCD5"
"hsa-miR-92a-3p","SLC25A32"
"hsa-miR-92a-3p","SGPP1"
"hsa-miR-92a-3p","BRMS1L"
"hsa-miR-92a-3p","C5orf24"
"hsa-miR-92a-3p","CNEP1R1"
"hsa-miR-92a-3p","GOLGA8B"
"hsa-miR-92a-3p","IKZF2"
"hsa-miR-92a-3p","MSL3"
"hsa-miR-92a-3p","ESD"
"hsa-miR-92a-3p","SLC25A38"
"hsa-miR-92a-3p","FAM20C"
"hsa-miR-92a-3p","PKDCC"
"hsa-miR-92a-3p","EID2B"
"hsa-miR-92a-3p","C1orf174"
"hsa-miR-92a-3p","PSMB6"
"hsa-miR-92a-3p","SELENOT"
"hsa-miR-92a-3p","H3-5"
"hsa-miR-92a-3p","H4C3"
"hsa-miR-99a-5p","SERPINE1"
"hsa-miR-99a-5p","TNRC6B"
"hsa-miR-99a-5p","NFU1"
"hsa-miR-99a-5p","KBTBD8"
"hsa-miR-99a-5p","RPS26"
"hsa-miR-99a-5p","ATP5F1E"
"hsa-miR-100-5p","MMP13"
"hsa-miR-100-5p","HMGN1"
"hsa-miR-100-5p","RIOK2"
"hsa-miR-100-5p","KBTBD8"
"hsa-miR-100-5p","ORMDL1"
"hsa-miR-100-5p","H4C3"
"hsa-miR-101-3p","PTGS2"
"hsa-miR-101-3p","FOS"
"hsa-miR-101-3p","CLIC4"
"hsa-miR-101-3p","KPNA2"
"hsa-miR-101-3p","NAP1L1"
"hsa-miR-101-3p","RAP1B"
"hsa-miR-101-3p","REL"
"hsa-miR-101-3p","HSPA13"
"hsa-miR-101-3p","REEP5"
"hsa-miR-101-3p","SUB1"
"hsa-miR-101-3p","BLOC1S6"
"hsa-miR-101-3p","TMED5"
"hsa-miR-101-3p","RIOK2"
"hsa-miR-101-3p","RAP2C"
"hsa-miR-101-3p","C1orf52"
"hsa-miR-101-3p","CNEP1R1"
"hsa-miR-101-3p","UBE2A"
"hsa-miR-101-3p","ZBTB7A"
"hsa-miR-101-3p","DIPK1A"
"hsa-miR-101-3p","NUP42"
"hsa-miR-101-3p","TCIM"
"hsa-miR-29b-3p","LAMC2"
"hsa-miR-29b-3p","RNF138"
"hsa-miR-29b-3p","DNMT3B"
"hsa-miR-29b-3p","SPARC"
"hsa-miR-29b-3p","HMGA2"
"hsa-miR-29b-3p","CD276"
"hsa-miR-29b-3p","CALU"
"hsa-miR-29b-3p","COL4A5"
"hsa-miR-29b-3p","COL5A2"
"hsa-miR-29b-3p","LOX"
"hsa-miR-29b-3p","NASP"
"hsa-miR-29b-3p","REL"
"hsa-miR-29b-3p","NREP"
"hsa-miR-29b-3p","MORF4L2"
"hsa-miR-29b-3p","MORF4L1"
"hsa-miR-29b-3p","TUBB2A"
"hsa-miR-29b-3p","CNBP"
"hsa-miR-29b-3p","DYNLT1"
"hsa-miR-29b-3p","RSL24D1"
"hsa-miR-29b-3p","P3H1"
"hsa-miR-103a-3p","C11orf58"
"hsa-miR-103a-3p","BNIP3"
"hsa-miR-103a-3p","CAPZA2"
"hsa-miR-103a-3p","DAPK1"
"hsa-miR-103a-3p","DNAJA1"
"hsa-miR-103a-3p","PRKAB2"
"hsa-miR-103a-3p","SDCBP"
"hsa-miR-103a-3p","TARBP2"
"hsa-miR-103a-3p","YWHAH"
"hsa-miR-103a-3p","DNAJB4"
"hsa-miR-103a-3p","ENPP4"
"hsa-miR-103a-3p","FAM98A"
"hsa-miR-103a-3p","GOLT1B"
"hsa-miR-103a-3p","ARGLU1"
"hsa-miR-103a-3p","CDADC1"
"hsa-miR-103a-3p","ITM2C"
"hsa-miR-103a-3p","MTFR1L"
"hsa-miR-103a-3p","PPIL1"
"hsa-miR-103a-3p","POMGNT1"
"hsa-miR-107","HMGA2"
"hsa-miR-107","CAPZA2"
"hsa-miR-107","DAPK1"
"hsa-miR-107","HPRT1"
"hsa-miR-107","DNAJA1"
"hsa-miR-107","RPL27"
"hsa-miR-107","TARBP2"
"hsa-miR-107","YWHAH"
"hsa-miR-107","TNRC6B"
"hsa-miR-107","FAM98A"
"hsa-miR-107","ARGLU1"
"hsa-miR-107","CDADC1"
"hsa-miR-107","MTFR1L"
"hsa-miR-107","PPIL1"
"hsa-miR-192-5p","CAV1"
"hsa-miR-192-5p","CREBL2"
"hsa-miR-192-5p","ID2"
"hsa-miR-192-5p","FOS"
"hsa-miR-192-5p","CDKN3"
"hsa-miR-192-5p","PLAU"
"hsa-miR-192-5p","AP3M2"
"hsa-miR-192-5p","BICD1"
"hsa-miR-192-5p","RCBTB2"
"hsa-miR-192-5p","CLK1"
"hsa-miR-192-5p","EXTL2"
"hsa-miR-192-5p","GPC4"
"hsa-miR-192-5p","ITGAV"
"hsa-miR-192-5p","KCNS3"
"hsa-miR-192-5p","LIMS1"
"hsa-miR-192-5p","MCAM"
"hsa-miR-192-5p","DNAJB9"
"hsa-miR-192-5p","CDK14"
"hsa-miR-192-5p","PLOD1"
"hsa-miR-192-5p","PRNP"
"hsa-miR-192-5p","RAB1A"
"hsa-miR-192-5p","RET"
"hsa-miR-192-5p","SGCB"
"hsa-miR-192-5p","SOAT1"
"hsa-miR-192-5p","TRPC1"
"hsa-miR-192-5p","UBE2D1"
"hsa-miR-192-5p","UBE2V2"
"hsa-miR-192-5p","ZNF165"
"hsa-miR-192-5p","PXDN"
"hsa-miR-192-5p","DEGS1"
"hsa-miR-192-5p","AP1S2"
"hsa-miR-192-5p","SLC16A7"
"hsa-miR-192-5p","NREP"
"hsa-miR-192-5p","ACTR1B"
"hsa-miR-192-5p","LAMTOR5"
"hsa-miR-192-5p","TNFSF13B"
"hsa-miR-192-5p","RAB40B"
"hsa-miR-192-5p","DNAJB4"
"hsa-miR-192-5p","HIBADH"
"hsa-miR-192-5p","ENPP4"
"hsa-miR-192-5p","TARDBP"
"hsa-miR-192-5p","DNAJB5"
"hsa-miR-192-5p","PDLIM3"
"hsa-miR-192-5p","KCNMB4"
"hsa-miR-192-5p","SNX10"
"hsa-miR-192-5p","CCZ1"
"hsa-miR-192-5p","EPDR1"
"hsa-miR-192-5p","RIC8B"
"hsa-miR-192-5p","PHTF2"
"hsa-miR-192-5p","NHSL1"
"hsa-miR-192-5p","CLK4"
"hsa-miR-192-5p","KIAA1143"
"hsa-miR-192-5p","KLHL42"
"hsa-miR-192-5p","MOAP1"
"hsa-miR-192-5p","SLC39A8"
"hsa-miR-192-5p","TOR3A"
"hsa-miR-192-5p","REEP1"
"hsa-miR-192-5p","MIS12"
"hsa-miR-192-5p","DSN1"
"hsa-miR-192-5p","SGPP1"
"hsa-miR-192-5p","MAP1LC3B"
"hsa-miR-192-5p","DNAL1"
"hsa-miR-192-5p","RAB6C"
"hsa-miR-192-5p","MEX3B"
"hsa-miR-192-5p","PRADC1"
"hsa-miR-192-5p","BTF3L4"
"hsa-miR-192-5p","TEX30"
"hsa-miR-192-5p","TMEM200A"
"hsa-miR-192-5p","ATG4A"
"hsa-miR-192-5p","CMPK2"
"hsa-miR-192-5p","DNAJC19"
"hsa-miR-192-5p","NIPAL1"
"hsa-miR-192-5p","ZFP1"
"hsa-miR-192-5p","USP12"
"hsa-miR-192-5p","CCZ1B"
"hsa-miR-192-5p","MSRB3"
"hsa-miR-192-5p","CNEP1R1"
"hsa-miR-192-5p","SLC46A3"
"hsa-miR-192-5p","EOGT"
"hsa-miR-192-5p","MTERF3"
"hsa-miR-192-5p","RFLNB"
"hsa-miR-192-5p","MOSMO"
"hsa-miR-192-5p","TLCD5"
"hsa-miR-192-5p","FAM241A"
"hsa-miR-192-5p","SBDSP1"
"hsa-miR-196a-5p","IGF2BP1"
"hsa-miR-196a-5p","HMGA2"
"hsa-miR-196a-5p","GMFB"
"hsa-miR-196a-5p","NAP1L1"
"hsa-miR-196a-5p","RPS2"
"hsa-miR-196a-5p","SRP9"
"hsa-miR-196a-5p","RAB31"
"hsa-miR-196a-5p","PALLD"
"hsa-miR-196a-5p","RDH11"
"hsa-miR-196a-5p","ARHGAP28"
"hsa-miR-196a-5p","MED10"
"hsa-miR-196a-5p","BRMS1L"
"hsa-miR-196a-5p","NXPE3"
"hsa-miR-196a-5p","SPTSSA"
"hsa-miR-196a-5p","PGAM1"
"hsa-miR-196a-5p","MT-ATP6"
"hsa-miR-196a-5p","MT-CO3"
"hsa-miR-197-3p","HSPD1"
"hsa-miR-197-3p","EIF4E"
"hsa-miR-197-3p","RAN"
"hsa-miR-197-3p","SOX11"
"hsa-miR-197-3p","NUS1"
"hsa-miR-197-3p","RPL22"
"hsa-miR-197-3p","CNBP"
"hsa-miR-197-3p","CKS1B"
"hsa-miR-199a-5p","CAV1"
"hsa-miR-199a-5p","WNT2"
"hsa-miR-199a-5p","CCN2"
"hsa-miR-199a-3p","PTGS2"
"hsa-miR-199a-3p","CDK17"
"hsa-miR-199a-3p","BLOC1S6"
"hsa-miR-129-5p","RGS16"
"hsa-miR-129-5p","TNRC6B"
"hsa-miR-129-5p","ZNF410"
"hsa-miR-129-5p","CFAP20"
"hsa-miR-129-5p","NIFK"
"hsa-miR-129-5p","H4C3"
"hsa-miR-30c-5p","E2F3"
"hsa-miR-30c-5p","RNF138"
"hsa-miR-30c-5p","ZNF264"
"hsa-miR-30c-5p","SOCS1"
"hsa-miR-30c-5p","VIM"
"hsa-miR-30c-5p","CTSC"
"hsa-miR-30c-5p","EEF1A1"
"hsa-miR-30c-5p","HSP90AA1"
"hsa-miR-30c-5p","NAP1L1"
"hsa-miR-30c-5p","NFYB"
"hsa-miR-30c-5p","SERPINE1"
"hsa-miR-30c-5p","PPP1R2"
"hsa-miR-30c-5p","RPA2"
"hsa-miR-30c-5p","SRSF7"
"hsa-miR-30c-5p","SLC25A12"
"hsa-miR-30c-5p","TBPL1"
"hsa-miR-30c-5p","LHFPL2"
"hsa-miR-30c-5p","NFAT5"
"hsa-miR-30c-5p","ENPP4"
"hsa-miR-30c-5p","PHTF2"
"hsa-miR-30c-5p","KLHL42"
"hsa-miR-30c-5p","USP37"
"hsa-miR-30c-5p","SCD5"
"hsa-miR-30c-5p","GOLGA8B"
"hsa-miR-30c-5p","HNRNPC"
"hsa-miR-30c-5p","IKZF2"
"hsa-miR-30c-5p","PPP3CB"
"hsa-miR-30c-5p","SAE1"
"hsa-miR-30c-5p","MGAT2"
"hsa-miR-30c-5p","PNMA1"
"hsa-miR-30c-5p","APLN"
"hsa-miR-30c-5p","CCDC71L"
"hsa-miR-139-5p","CLIC4"
"hsa-miR-139-5p","RAP1B"
"hsa-miR-7-5p","LAMC2"
"hsa-miR-7-5p","RFFL"
"hsa-miR-7-5p","ZNF264"
"hsa-miR-7-5p","TUSC2"
"hsa-miR-7-5p","CAV1"
"hsa-miR-7-5p","FOS"
"hsa-miR-7-5p","AUP1"
"hsa-miR-7-5p","CALU"
"hsa-miR-7-5p","EIF4E"
"hsa-miR-7-5p","GLS"
"hsa-miR-7-5p","GNA12"
"hsa-miR-7-5p","PDIA3"
"hsa-miR-7-5p","NDUFA4"
"hsa-miR-7-5p","PFN2"
"hsa-miR-7-5p","PIGH"
"hsa-miR-7-5p","REL"
"hsa-miR-7-5p","RSU1"
"hsa-miR-7-5p","CXCL5"
"hsa-miR-7-5p","SDHC"
"hsa-miR-7-5p","TAGLN"
"hsa-miR-7-5p","TGM2"
"hsa-miR-7-5p","PTP4A2"
"hsa-miR-7-5p","NREP"
"hsa-miR-7-5p","HMGN4"
"hsa-miR-7-5p","ZNF460"
"hsa-miR-7-5p","RRAS2"
"hsa-miR-7-5p","TNRC6B"
"hsa-miR-7-5p","SNAPIN"
"hsa-miR-7-5p","MS4A4A"
"hsa-miR-7-5p","ASB2"
"hsa-miR-7-5p","C11orf24"
"hsa-miR-7-5p","CRLS1"
"hsa-miR-7-5p","VPS13D"
"hsa-miR-7-5p","EIF5A2"
"hsa-miR-7-5p","POLE4"
"hsa-miR-7-5p","UBQLN4"
"hsa-miR-7-5p","PMEPA1"
"hsa-miR-7-5p","PRDM8"
"hsa-miR-7-5p","GATAD2B"
"hsa-miR-7-5p","GLT8D2"
"hsa-miR-7-5p","LLPH"
"hsa-miR-7-5p","RBM17"
"hsa-miR-7-5p","RPS19BP1"
"hsa-miR-7-5p","MRPL10"
"hsa-miR-7-5p","BCL9L"
"hsa-miR-7-5p","CBS"
"hsa-miR-7-5p","TM2D2"
"hsa-miR-7-5p","UBE2A"
"hsa-miR-7-5p","THAP12"
"hsa-miR-10a-5p","NAP1L1"
"hsa-miR-10a-5p","NDUFB5"
"hsa-miR-10a-5p","NDUFB6"
"hsa-miR-10a-5p","SERPINE1"
"hsa-miR-10a-5p","ZNF460"
"hsa-miR-10a-5p","TMED5"
"hsa-miR-10a-5p","AGBL2"
"hsa-miR-10a-5p","RBM17"
"hsa-miR-10a-5p","ATP5PB"
"hsa-miR-10b-5p","CDC6"
"hsa-miR-10b-5p","NDUFB5"
"hsa-miR-10b-5p","POU2F2"
"hsa-miR-10b-5p","ZNF460"
"hsa-miR-10b-5p","RBM17"
"hsa-miR-34a-5p","TPM1"
"hsa-miR-34a-5p","E2F3"
"hsa-miR-34a-5p","FAM3C"
"hsa-miR-34a-5p","HMGB1"
"hsa-miR-34a-5p","STAT1"
"hsa-miR-34a-5p","AKR1B1"
"hsa-miR-34a-5p","ATP6V1E1"
"hsa-miR-34a-5p","CALD1"
"hsa-miR-34a-5p","RCAN1"
"hsa-miR-34a-5p","GMFB"
"hsa-miR-34a-5p","GYG1"
"hsa-miR-34a-5p","HPRT1"
"hsa-miR-34a-5p","NASP"
"hsa-miR-34a-5p","DRG1"
"hsa-miR-34a-5p","YBX1"
"hsa-miR-34a-5p","RCN1"
"hsa-miR-34a-5p","RRAS"
"hsa-miR-34a-5p","RSU1"
"hsa-miR-34a-5p","HSPA13"
"hsa-miR-34a-5p","TGM2"
"hsa-miR-34a-5p","CCT3"
"hsa-miR-34a-5p","KMT2D"
"hsa-miR-34a-5p","HIBADH"
"hsa-miR-34a-5p","APOL2"
"hsa-miR-34a-5p","TES"
"hsa-miR-34a-5p","RDH11"
"hsa-miR-34a-5p","CYCS"
"hsa-miR-34a-5p","DDX56"
"hsa-miR-34a-5p","MOAP1"
"hsa-miR-34a-5p","AHNAK"
"hsa-miR-34a-5p","SGPP1"
"hsa-miR-34a-5p","LLPH"
"hsa-miR-34a-5p","BTF3L4"
"hsa-miR-34a-5p","ZSWIM7"
"hsa-miR-34a-5p","CYBB"
"hsa-miR-34a-5p","AIP"
"hsa-miR-34a-5p","THAP12"
"hsa-miR-34a-5p","TIGAR"
"hsa-miR-34a-5p","SEPTIN7"
"hsa-miR-34a-5p","H3-3A"
"hsa-miR-34a-5p","H1-3"
"hsa-miR-34a-5p","H1-4"
"hsa-miR-34a-5p","H1-5"
"hsa-miR-34a-5p","H2AC7"
"hsa-miR-34a-5p","H1-1"
"hsa-miR-34a-5p","H2AC13"
"hsa-miR-34a-5p","H2AC20"
"hsa-miR-34a-5p","H3C4"
"hsa-miR-34a-5p","H3C12"
"hsa-miR-34a-5p","H4C11"
"hsa-miR-34a-5p","H4C3"
"hsa-miR-34a-5p","H2AC11"
"hsa-miR-34a-5p","H2AC21"
"hsa-miR-34a-5p","H3C13"
"hsa-miR-181a-5p","ATP6V0E1"
"hsa-miR-181a-5p","HMGA2"
"hsa-miR-181a-5p","CEBPA"
"hsa-miR-181a-5p","PTGS2"
"hsa-miR-181a-5p","FOS"
"hsa-miR-181a-5p","BPGM"
"hsa-miR-181a-5p","DUSP6"
"hsa-miR-181a-5p","IDS"
"hsa-miR-181a-5p","CFI"
"hsa-miR-181a-5p","RAN"
"hsa-miR-181a-5p","RAP1B"
"hsa-miR-181a-5p","SRSF7"
"hsa-miR-181a-5p","SH3BGRL"
"hsa-miR-181a-5p","HSPA13"
"hsa-miR-181a-5p","WNT2"
"hsa-miR-181a-5p","PLA2G4C"
"hsa-miR-181a-5p","BAG2"
"hsa-miR-181a-5p","PRDX3"
"hsa-miR-181a-5p","TNRC6B"
"hsa-miR-181a-5p","HIPK2"
"hsa-miR-181a-5p","FKBP7"
"hsa-miR-181a-5p","TMEM45A"
"hsa-miR-181a-5p","ENAH"
"hsa-miR-181a-5p","FKBP10"
"hsa-miR-181a-5p","LPCAT1"
"hsa-miR-181a-5p","BRMS1L"
"hsa-miR-181a-5p","FBXO33"
"hsa-miR-181a-5p","C1QTNF9"
"hsa-miR-181a-5p","TWIST1"
"hsa-miR-181a-5p","RAB2B"
"hsa-miR-181a-5p","COL16A1"
"hsa-miR-181a-5p","UCHL1"
"hsa-miR-181a-5p","RPL13A"
"hsa-miR-181a-5p","MT-ND2"
"hsa-miR-181a-5p","H3C4"
"hsa-miR-181a-5p","OFCC1"
"hsa-miR-181b-5p","HMGA2"
"hsa-miR-181b-5p","FOS"
"hsa-miR-181b-5p","KPNA2"
"hsa-miR-181b-5p","RAN"
"hsa-miR-181b-5p","RAP1B"
"hsa-miR-181b-5p","MRPS23"
"hsa-miR-181b-5p","LPCAT1"
"hsa-miR-181b-5p","RAB2B"
"hsa-miR-181c-5p","HMGA2"
"hsa-miR-181c-5p","RAN"
"hsa-miR-181c-5p","RAP1B"
"hsa-miR-181c-5p","TNRC6B"
"hsa-miR-181c-5p","LPCAT1"
"hsa-miR-181c-5p","ISCA1"
"hsa-miR-181c-5p","H3C4"
"hsa-miR-187-3p","CD276"
"hsa-miR-203a-3p","NETO2"
"hsa-miR-203a-3p","BMI1"
"hsa-miR-203a-3p","STAT1"
"hsa-miR-203a-3p","IFIT1"
"hsa-miR-203a-3p","PRKACB"
"hsa-miR-203a-3p","RAN"
"hsa-miR-203a-3p","PARK7"
"hsa-miR-203a-3p","PCGF6"
"hsa-miR-203a-3p","BOLA3"
"hsa-miR-203a-3p","CXCL8"
"hsa-miR-205-5p","DDX5"
"hsa-miR-205-5p","HMGB3"
"hsa-miR-205-5p","NDUFA4"
"hsa-miR-205-5p","RAN"
"hsa-miR-205-5p","TMSB4X"
"hsa-miR-205-5p","YWHAH"
"hsa-miR-205-5p","CCN1"
"hsa-miR-205-5p","CCN2"
"hsa-miR-210-3p","E2F3"
"hsa-miR-210-3p","IGFBP3"
"hsa-miR-210-3p","VMP1"
"hsa-miR-210-3p","NDUFA4"
"hsa-miR-210-3p","PPP1R2"
"hsa-miR-210-3p","SH3BGRL"
"hsa-miR-210-3p","ISCU"
"hsa-miR-210-3p","SDHD"
"hsa-miR-211-5p","IL11"
"hsa-miR-211-5p","KCNMA1"
"hsa-miR-211-5p","AP1S2"
"hsa-miR-211-5p","NFAT5"
"hsa-miR-214-3p","HSPD1"
"hsa-miR-214-3p","ATF4"
"hsa-miR-214-3p","PSMD10"
"hsa-miR-214-3p","TBPL1"
"hsa-miR-214-3p","FLOT1"
"hsa-miR-214-3p","AHSA1"
"hsa-miR-214-3p","RPL7L1"
"hsa-miR-215-5p","ORC4"
"hsa-miR-215-5p","PRNP"
"hsa-miR-215-5p","SOAT1"
"hsa-miR-215-5p","SLC16A7"
"hsa-miR-218-5p","GJA1"
"hsa-miR-218-5p","PDLIM7"
"hsa-miR-218-5p","ARPC1B"
"hsa-miR-218-5p","BMI1"
"hsa-miR-218-5p","RHOB"
"hsa-miR-218-5p","ACTN1"
"hsa-miR-218-5p","ADH5"
"hsa-miR-218-5p","DAPK1"
"hsa-miR-218-5p","DPYSL3"
"hsa-miR-218-5p","EIF4A2"
"hsa-miR-218-5p","GNA12"
"hsa-miR-218-5p","GNAS"
"hsa-miR-218-5p","HLA-A"
"hsa-miR-218-5p","INHBA"
"hsa-miR-218-5p","ITGAV"
"hsa-miR-218-5p","KCNMA1"
"hsa-miR-218-5p","MYO5B"
"hsa-miR-218-5p","ODC1"
"hsa-miR-218-5p","PFN2"
"hsa-miR-218-5p","RET"
"hsa-miR-218-5p","RPL3"
"hsa-miR-218-5p","RPL21"
"hsa-miR-218-5p","RREB1"
"hsa-miR-218-5p","REEP5"
"hsa-miR-218-5p","PTP4A2"
"hsa-miR-218-5p","COPS3"
"hsa-miR-218-5p","BUD31"
"hsa-miR-218-5p","SDC3"
"hsa-miR-218-5p","BCAS2"
"hsa-miR-218-5p","SRSF10"
"hsa-miR-218-5p","FERMT2"
"hsa-miR-218-5p","GLMN"
"hsa-miR-218-5p","SEPHS1"
"hsa-miR-218-5p","PALLD"
"hsa-miR-218-5p","SNAPIN"
"hsa-miR-218-5p","BLOC1S6"
"hsa-miR-218-5p","TAF5L"
"hsa-miR-218-5p","HIPK2"
"hsa-miR-218-5p","ASB2"
"hsa-miR-218-5p","UBR7"
"hsa-miR-218-5p","ANKRD10"
"hsa-miR-218-5p","BCAS4"
"hsa-miR-218-5p","NHSL1"
"hsa-miR-218-5p","FKBP10"
"hsa-miR-218-5p","ITM2C"
"hsa-miR-218-5p","C19orf12"
"hsa-miR-218-5p","BTF3L4"
"hsa-miR-218-5p","MB21D2"
"hsa-miR-218-5p","HNRNPA3"
"hsa-miR-218-5p","TCP11L2"
"hsa-miR-218-5p","XKR6"
"hsa-miR-218-5p","RFXAP"
"hsa-miR-218-5p","MANBAL"
"hsa-miR-218-5p","RCHY1"
"hsa-miR-218-5p","HIVEP3"
"hsa-miR-218-5p","CLCF1"
"hsa-miR-218-5p","UCHL1"
"hsa-miR-218-5p","PMPCB"
"hsa-miR-218-5p","MSC"
"hsa-miR-218-5p","CHCHD2"
"hsa-miR-218-5p","LANCL2"
"hsa-miR-218-5p","LYRM2"
"hsa-miR-218-5p","TRIM39"
"hsa-miR-218-5p","RBM18"
"hsa-miR-218-5p","EID2B"
"hsa-miR-218-5p","AKNAD1"
"hsa-miR-218-5p","RPS18"
"hsa-miR-218-5p","GASK1B"
"hsa-miR-200b-3p","E2F3"
"hsa-miR-200b-3p","DNMT3B"
"hsa-miR-200b-3p","BMI1"
"hsa-miR-200b-3p","DNAJB9"
"hsa-miR-200b-3p","OSTM1"
"hsa-miR-200b-3p","RAP2C"
"hsa-miR-200b-3p","GPX8"
"hsa-miR-200b-3p","SEPTIN7"
"hsa-let-7g-5p","ZNF264"
"hsa-let-7g-5p","E2F6"
"hsa-let-7g-5p","IGF2BP1"
"hsa-let-7g-5p","HMGA2"
"hsa-let-7g-5p","ECHDC1"
"hsa-let-7g-5p","YWHAZ"
"hsa-let-7g-5p","CALU"
"hsa-let-7g-5p","NAP1L1"
"hsa-let-7g-5p","PDGFB"
"hsa-let-7g-5p","KMT2D"
"hsa-let-7g-5p","ZNF460"
"hsa-let-7g-5p","TMED5"
"hsa-let-7g-5p","PGM2L1"
"hsa-let-7g-5p","PLEKHO1"
"hsa-let-7i-5p","ZNF264"
"hsa-let-7i-5p","E2F6"
"hsa-let-7i-5p","IGF2BP1"
"hsa-let-7i-5p","HMGA2"
"hsa-let-7i-5p","ECHDC1"
"hsa-let-7i-5p","YWHAZ"
"hsa-let-7i-5p","CALU"
"hsa-let-7i-5p","NAP1L1"
"hsa-let-7i-5p","PDGFB"
"hsa-let-7i-5p","KMT2D"
"hsa-let-7i-5p","ZNF460"
"hsa-let-7i-5p","COPS8"
"hsa-let-7i-5p","COPS6"
"hsa-let-7i-5p","TMED5"
"hsa-let-7i-5p","PGM2L1"
"hsa-let-7i-5p","PLEKHO1"
"hsa-miR-1-3p","TPM1"
"hsa-miR-1-3p","GJA1"
"hsa-miR-1-3p","HSPD1"
"hsa-miR-1-3p","PDLIM7"
"hsa-miR-1-3p","NETO2"
"hsa-miR-1-3p","MMD"
"hsa-miR-1-3p","DDX5"
"hsa-miR-1-3p","RABL2A"
"hsa-miR-1-3p","RNF138"
"hsa-miR-1-3p","ANKRD29"
"hsa-miR-1-3p","RABL2B"
"hsa-miR-1-3p","POLR2K"
"hsa-miR-1-3p","ZNF264"
"hsa-miR-1-3p","CTSC"
"hsa-miR-1-3p","YWHAZ"
"hsa-miR-1-3p","VMP1"
"hsa-miR-1-3p","ACTN1"
"hsa-miR-1-3p","ATP6V1E1"
"hsa-miR-1-3p","CALM2"
"hsa-miR-1-3p","CDH2"
"hsa-miR-1-3p","CRYGS"
"hsa-miR-1-3p","CSRP1"
"hsa-miR-1-3p","EIF1AX"
"hsa-miR-1-3p","EIF4E"
"hsa-miR-1-3p","FRG1"
"hsa-miR-1-3p","KAT2A"
"hsa-miR-1-3p","CXCL1"
"hsa-miR-1-3p","CXCL2"
"hsa-miR-1-3p","CXCL3"
"hsa-miR-1-3p","PDIA3"
"hsa-miR-1-3p","HNRNPA1"
"hsa-miR-1-3p","IFIT1"
"hsa-miR-1-3p","IFIT3"
"hsa-miR-1-3p","IGFBP7"
"hsa-miR-1-3p","IL11"
"hsa-miR-1-3p","LGALS1"
"hsa-miR-1-3p","LIMS1"
"hsa-miR-1-3p","LNPEP"
"hsa-miR-1-3p","MCAM"
"hsa-miR-1-3p","PFDN1"
"hsa-miR-1-3p","CDK14"
"hsa-miR-1-3p","PPIA"
"hsa-miR-1-3p","PSME1"
"hsa-miR-1-3p","PTMA"
"hsa-miR-1-3p","MAP4K2"
"hsa-miR-1-3p","RAP1B"
"hsa-miR-1-3p","CCL2"
"hsa-miR-1-3p","SRSF6"
"hsa-miR-1-3p","SRSF7"
"hsa-miR-1-3p","SMARCA1"
"hsa-miR-1-3p","SPINK1"
"hsa-miR-1-3p","SRI"
"hsa-miR-1-3p","SRF"
"hsa-miR-1-3p","STXBP3"
"hsa-miR-1-3p","THY1"
"hsa-miR-1-3p","TMSB4X"
"hsa-miR-1-3p","TPM2"
"hsa-miR-1-3p","PXDN"
"hsa-miR-1-3p","PSMG1"
"hsa-miR-1-3p","SUCLA2"
"hsa-miR-1-3p","KRT75"
"hsa-miR-1-3p","GSTO1"
"hsa-miR-1-3p","AIM2"
"hsa-miR-1-3p","MINPP1"
"hsa-miR-1-3p","RBM39"
"hsa-miR-1-3p","ISG15"
"hsa-miR-1-3p","IFI44"
"hsa-miR-1-3p","NFAT5"
"hsa-miR-1-3p","MTHFD2"
"hsa-miR-1-3p","RPP40"
"hsa-miR-1-3p","FERMT2"
"hsa-miR-1-3p","RASSF1"
"hsa-miR-1-3p","DKK1"
"hsa-miR-1-3p","DPY19L1"
"hsa-miR-1-3p","SNAPIN"
"hsa-miR-1-3p","ORC3"
"hsa-miR-1-3p","HIGD1A"
"hsa-miR-1-3p","DYNC1LI1"
"hsa-miR-1-3p","HSD17B11"
"hsa-miR-1-3p","HERC5"
"hsa-miR-1-3p","ARGLU1"
"hsa-miR-1-3p","BCAS4"
"hsa-miR-1-3p","NAT14"
"hsa-miR-1-3p","KLHL42"
"hsa-miR-1-3p","SNX6"
"hsa-miR-1-3p","THAP2"
"hsa-miR-1-3p","RAB34"
"hsa-miR-1-3p","PHLDB2"
"hsa-miR-1-3p","CCDC102A"
"hsa-miR-1-3p","GTF3C6"
"hsa-miR-1-3p","HNRNPA1L2"
"hsa-miR-1-3p","HNRNPA3"
"hsa-miR-1-3p","FBXO33"
"hsa-miR-1-3p","BCL6B"
"hsa-miR-1-3p","TWIST1"
"hsa-miR-1-3p","PSMA7"
"hsa-miR-1-3p","CXCL8"
"hsa-miR-1-3p","P3H4"
"hsa-miR-1-3p","NIFK"
"hsa-miR-1-3p","H3-5"
"hsa-miR-1-3p","ATP5F1E"
"hsa-miR-1-3p","H1-5"
"hsa-miR-1-3p","H2AC20"
"hsa-miR-1-3p","H3C13"
"hsa-miR-15b-5p","E2F3"
"hsa-miR-15b-5p","ATP6V0E1"
"hsa-miR-15b-5p","DDX5"
"hsa-miR-15b-5p","RNF138"
"hsa-miR-15b-5p","CALU"
"hsa-miR-15b-5p","CAPZA2"
"hsa-miR-15b-5p","EEF1A1"
"hsa-miR-15b-5p","DNAJA1"
"hsa-miR-15b-5p","MDH1"
"hsa-miR-15b-5p","PCMT1"
"hsa-miR-15b-5p","CDK17"
"hsa-miR-15b-5p","PPT1"
"hsa-miR-15b-5p","RAB1A"
"hsa-miR-15b-5p","SNRPB2"
"hsa-miR-15b-5p","STXBP3"
"hsa-miR-15b-5p","TARBP2"
"hsa-miR-15b-5p","KMT2D"
"hsa-miR-15b-5p","SLC25A12"
"hsa-miR-15b-5p","RPL14"
"hsa-miR-15b-5p","TBPL1"
"hsa-miR-15b-5p","BZW1"
"hsa-miR-15b-5p","HNRNPDL"
"hsa-miR-15b-5p","TNRC6B"
"hsa-miR-15b-5p","ANAPC13"
"hsa-miR-15b-5p","RAPH1"
"hsa-miR-15b-5p","NPM1"
"hsa-miR-15b-5p","MTFR1L"
"hsa-miR-15b-5p","SCAMP5"
"hsa-miR-15b-5p","PPIL1"
"hsa-miR-15b-5p","ATP5MC3"
"hsa-miR-122-5p","ZNF264"
"hsa-miR-122-5p","SLC7A1"
"hsa-miR-122-5p","AP3M2"
"hsa-miR-122-5p","FUNDC2"
"hsa-miR-122-5p","MAPK11"
"hsa-miR-122-5p","CLIC4"
"hsa-miR-122-5p","ARSB"
"hsa-miR-122-5p","BPGM"
"hsa-miR-122-5p","CALD1"
"hsa-miR-122-5p","CALU"
"hsa-miR-122-5p","CSRP1"
"hsa-miR-122-5p","IDS"
"hsa-miR-122-5p","KRT10"
"hsa-miR-122-5p","MPV17"
"hsa-miR-122-5p","NASP"
"hsa-miR-122-5p","OLR1"
"hsa-miR-122-5p","PFDN1"
"hsa-miR-122-5p","PSMD10"
"hsa-miR-122-5p","SUCLA2"
"hsa-miR-122-5p","ANKRD10"
"hsa-miR-122-5p","APMAP"
"hsa-miR-122-5p","CLK4"
"hsa-miR-122-5p","GTF3C6"
"hsa-miR-122-5p","BATF2"
"hsa-miR-122-5p","PRKRA"
"hsa-miR-122-5p","SLC25A33"
"hsa-miR-122-5p","MRPL52"
"hsa-miR-122-5p","POMGNT2"
"hsa-miR-122-5p","TLCD5"
"hsa-miR-124-3p","AGTR1"
"hsa-miR-124-3p","TPM1"
"hsa-miR-124-3p","TUBA1A"
"hsa-miR-124-3p","ACAA2"
"hsa-miR-124-3p","ATP6V0E1"
"hsa-miR-124-3p","PDLIM7"
"hsa-miR-124-3p","RFFL"
"hsa-miR-124-3p","ARPC1B"
"hsa-miR-124-3p","MAD2L2"
"hsa-miR-124-3p","SLC15A4"
"hsa-miR-124-3p","SEC11A"
"hsa-miR-124-3p","E2F6"
"hsa-miR-124-3p","SLC7A1"
"hsa-miR-124-3p","CEBPA"
"hsa-miR-124-3p","CAV1"
"hsa-miR-124-3p","STX2"
"hsa-miR-124-3p","NME4"
"hsa-miR-124-3p","ASPRV1"
"hsa-miR-124-3p","PAPSS2"
"hsa-miR-124-3p","TTC8"
"hsa-miR-124-3p","ID2"
"hsa-miR-124-3p","IGFBP3"
"hsa-miR-124-3p","VIM"
"hsa-miR-124-3p","PTGS2"
"hsa-miR-124-3p","GCA"
"hsa-miR-124-3p","MAPK11"
"hsa-miR-124-3p","ADPRH"
"hsa-miR-124-3p","ANXA5"
"hsa-miR-124-3p","ANXA6"
"hsa-miR-124-3p","BMPR1A"
"hsa-miR-124-3p","CALU"
"hsa-miR-124-3p","CD151"
"hsa-miR-124-3p","CDH2"
"hsa-miR-124-3p","CDO1"
"hsa-miR-124-3p","CSRP1"
"hsa-miR-124-3p","DAPK1"
"hsa-miR-124-3p","RCAN1"
"hsa-miR-124-3p","EIF4E"
"hsa-miR-124-3p","FOXF2"
"hsa-miR-124-3p","GAS6"
"hsa-miR-124-3p","GBP1"
"hsa-miR-124-3p","KAT2A"
"hsa-miR-124-3p","GNA12"
"hsa-miR-124-3p","GPX7"
"hsa-miR-124-3p","HLA-A"
"hsa-miR-124-3p","HMGB3"
"hsa-miR-124-3p","IFIT3"
"hsa-miR-124-3p","IGFBP7"
"hsa-miR-124-3p","IL11"
"hsa-miR-124-3p","KCNS3"
"hsa-miR-124-3p","LAMA4"
"hsa-miR-124-3p","MCAM"
"hsa-miR-124-3p","MMP19"
"hsa-miR-124-3p","NASP"
"hsa-miR-124-3p","NNMT"
"hsa-miR-124-3p","NRTN"
"hsa-miR-124-3p","YBX1"
"hsa-miR-124-3p","TNFRSF11B"
"hsa-miR-124-3p","SERPINE1"
"hsa-miR-124-3p","PCNA"
"hsa-miR-124-3p","PLOD1"
"hsa-miR-124-3p","POLR2J"
"hsa-miR-124-3p","PRPS1"
"hsa-miR-124-3p","RPS15"
"hsa-miR-124-3p","RRAS"
"hsa-miR-124-3p","SNRPF"
"hsa-miR-124-3p","SRP9"
"hsa-miR-124-3p","TGFB1I1"
"hsa-miR-124-3p","CCT3"
"hsa-miR-124-3p","TRPC1"
"hsa-miR-124-3p","TRPC6"
"hsa-miR-124-3p","MALL"
"hsa-miR-124-3p","PLA2G7"
"hsa-miR-124-3p","PTP4A2"
"hsa-miR-124-3p","PLA2G4C"
"hsa-miR-124-3p","HSD17B6"
"hsa-miR-124-3p","EIF2S2"
"hsa-miR-124-3p","CCNA1"
"hsa-miR-124-3p","WTAP"
"hsa-miR-124-3p","LAPTM4A"
"hsa-miR-124-3p","ARMCX2"
"hsa-miR-124-3p","HMGN4"
"hsa-miR-124-3p","IFI44L"
"hsa-miR-124-3p","RAB32"
"hsa-miR-124-3p","RAB31"
"hsa-miR-124-3p","RASSF1"
"hsa-miR-124-3p","RRAS2"
"hsa-miR-124-3p","DZIP1"
"hsa-miR-124-3p","PALLD"
"hsa-miR-124-3p","TNRC6B"
"hsa-miR-124-3p","NGDN"
"hsa-miR-124-3p","BLOC1S6"
"hsa-miR-124-3p","TIMM8B"
"hsa-miR-124-3p","ANAPC4"
"hsa-miR-124-3p","TMED5"
"hsa-miR-124-3p","RRP15"
"hsa-miR-124-3p","GOLT1B"
"hsa-miR-124-3p","SS18L2"
"hsa-miR-124-3p","TNFRSF12A"
"hsa-miR-124-3p","POP5"
"hsa-miR-124-3p","RIPK4"
"hsa-miR-124-3p","GAR1"
"hsa-miR-124-3p","EPDR1"
"hsa-miR-124-3p","FBLIM1"
"hsa-miR-124-3p","ASPN"
"hsa-miR-124-3p","TMEM45A"
"hsa-miR-124-3p","ARMC1"
"hsa-miR-124-3p","CENPQ"
"hsa-miR-124-3p","RSAD1"
"hsa-miR-124-3p","DRAM1"
"hsa-miR-124-3p","ENAH"
"hsa-miR-124-3p","CSGALNACT1"
"hsa-miR-124-3p","TWSG1"
"hsa-miR-124-3p","KLHL42"
"hsa-miR-124-3p","ZNF410"
"hsa-miR-124-3p","ARHGAP22"
"hsa-miR-124-3p","TOR3A"
"hsa-miR-124-3p","C8orf33"
"hsa-miR-124-3p","CHCHD7"
"hsa-miR-124-3p","NKAP"
"hsa-miR-124-3p","COLGALT1"
"hsa-miR-124-3p","ARHGAP28"
"hsa-miR-124-3p","CCDC102B"
"hsa-miR-124-3p","ACTR5"
"hsa-miR-124-3p","HKDC1"
"hsa-miR-124-3p","LIMD2"
"hsa-miR-124-3p","LMAN2L"
"hsa-miR-124-3p","CDADC1"
"hsa-miR-124-3p","THAP2"
"hsa-miR-124-3p","RAB34"
"hsa-miR-124-3p","MED10"
"hsa-miR-124-3p","LLPH"
"hsa-miR-124-3p","LSM10"
"hsa-miR-124-3p","SPOCD1"
"hsa-miR-124-3p","GTF3C6"
"hsa-miR-124-3p","L3HYPDH"
"hsa-miR-124-3p","ATG4A"
"hsa-miR-124-3p","MALSU1"
"hsa-miR-124-3p","CTHRC1"
"hsa-miR-124-3p","IKBIP"
"hsa-miR-124-3p","CMTM3"
"hsa-miR-124-3p","MISP"
"hsa-miR-124-3p","GLIPR2"
"hsa-miR-124-3p","ZNF483"
"hsa-miR-124-3p","MSRB3"
"hsa-miR-124-3p","BCL6B"
"hsa-miR-124-3p","SLC46A3"
"hsa-miR-124-3p","FAM177A1"
"hsa-miR-124-3p","EOGT"
"hsa-miR-124-3p","AMIGO2"
"hsa-miR-124-3p","DNAJC25"
"hsa-miR-124-3p","MANBAL"
"hsa-miR-124-3p","CXCL8"
"hsa-miR-124-3p","TMEM263"
"hsa-miR-124-3p","KRT17P2"
"hsa-miR-124-3p","PHETA2"
"hsa-miR-124-3p","MIA2"
"hsa-miR-124-3p","SLC66A3"
"hsa-miR-124-3p","CCN1"
"hsa-miR-124-3p","CCN2"
"hsa-miR-124-3p","CAVIN1"
"hsa-miR-124-3p","SHLD2"
"hsa-miR-124-3p","CAVIN3"
"hsa-miR-125b-5p","E2F3"
"hsa-miR-125b-5p","SLC7A1"
"hsa-miR-125b-5p","HMGA2"
"hsa-miR-125b-5p","DUSP6"
"hsa-miR-125b-5p","EEF1A1"
"hsa-miR-125b-5p","RPS12"
"hsa-miR-125b-5p","KMT2D"
"hsa-miR-125b-5p","MFHAS1"
"hsa-miR-125b-5p","GOLGA8A"
"hsa-miR-125b-5p","TNRC6B"
"hsa-miR-125b-5p","ANAPC16"
"hsa-miR-125b-5p","ZNF483"
"hsa-miR-125b-5p","PRKRA"
"hsa-miR-125b-5p","IKZF2"
"hsa-miR-125b-5p","ENPEP"
"hsa-miR-125b-5p","PSMB1"
"hsa-miR-128-3p","PTGS2"
"hsa-miR-128-3p","BMI1"
"hsa-miR-128-3p","BPGM"
"hsa-miR-128-3p","CTSZ"
"hsa-miR-128-3p","GLRX"
"hsa-miR-128-3p","LNPEP"
"hsa-miR-128-3p","PLA2G5"
"hsa-miR-128-3p","RET"
"hsa-miR-128-3p","RREB1"
"hsa-miR-128-3p","SH3BGRL"
"hsa-miR-128-3p","SOX11"
"hsa-miR-128-3p","TAGLN"
"hsa-miR-128-3p","UBE2D1"
"hsa-miR-128-3p","UBE2N"
"hsa-miR-128-3p","EIF2S2"
"hsa-miR-128-3p","BAG2"
"hsa-miR-128-3p","SUPT7L"
"hsa-miR-128-3p","TSPAN13"
"hsa-miR-128-3p","EFEMP2"
"hsa-miR-128-3p","TMED5"
"hsa-miR-128-3p","VPS13D"
"hsa-miR-128-3p","EIF5A2"
"hsa-miR-128-3p","FKBP10"
"hsa-miR-128-3p","SGPP1"
"hsa-miR-128-3p","ZFP1"
"hsa-miR-128-3p","GOLGA8B"
"hsa-miR-128-3p","ARMT1"
"hsa-miR-128-3p","BEX3"
"hsa-miR-128-3p","TCIM"
"hsa-miR-130a-3p","ATP6V0E1"
"hsa-miR-130a-3p","DAD1"
"hsa-miR-130a-3p","CLIC4"
"hsa-miR-130a-3p","ACVR1"
"hsa-miR-130a-3p","CALM2"
"hsa-miR-130a-3p","CCT6A"
"hsa-miR-130a-3p","GMFB"
"hsa-miR-130a-3p","HPRT1"
"hsa-miR-130a-3p","PRNP"
"hsa-miR-130a-3p","RAN"
"hsa-miR-130a-3p","SRSF2"
"hsa-miR-130a-3p","UBC"
"hsa-miR-130a-3p","ENPP4"
"hsa-miR-130a-3p","TNRC6B"
"hsa-miR-130a-3p","SNAPIN"
"hsa-miR-130a-3p","CBY1"
"hsa-miR-130a-3p","NRBF2"
"hsa-miR-130a-3p","RDH11"
"hsa-miR-130a-3p","RAB34"
"hsa-miR-130a-3p","BTF3L4"
"hsa-miR-130a-3p","MB21D2"
"hsa-miR-130a-3p","EOGT"
"hsa-miR-130a-3p","UQCRB"
"hsa-miR-130a-3p","ZBTB7A"
"hsa-miR-132-3p","ATP6V0E1"
"hsa-miR-132-3p","ANKRD29"
"hsa-miR-132-3p","TUSC2"
"hsa-miR-132-3p","PTGS2"
"hsa-miR-132-3p","MMP13"
"hsa-miR-132-3p","CA1"
"hsa-miR-132-3p","CALU"
"hsa-miR-132-3p","KCNJ9"
"hsa-miR-132-3p","LIG4"
"hsa-miR-132-3p","NAP1L1"
"hsa-miR-132-3p","SH3BGRL"
"hsa-miR-132-3p","SMN1"
"hsa-miR-132-3p","VDAC2"
"hsa-miR-132-3p","PLA2G4C"
"hsa-miR-132-3p","VPS13D"
"hsa-miR-132-3p","FKBP10"
"hsa-miR-132-3p","C8orf33"
"hsa-miR-132-3p","TMEM47"
"hsa-miR-132-3p","ARL14EP"
"hsa-miR-132-3p","CMTM3"
"hsa-miR-132-3p","SYNE3"
"hsa-miR-132-3p","EOGT"
"hsa-miR-132-3p","KCTD4"
"hsa-miR-132-3p","ELOC"
"hsa-miR-132-3p","NIPSNAP2"
"hsa-miR-133a-3p","TPM1"
"hsa-miR-133a-3p","FTL"
"hsa-miR-133a-3p","PTMA"
"hsa-miR-133a-3p","H2AC20"
"hsa-miR-135a-5p","CAPZA2"
"hsa-miR-138-5p","VIM"
"hsa-miR-138-5p","MMP3"
"hsa-miR-138-5p","CDH2"
"hsa-miR-138-5p","SERPINE1"
"hsa-miR-138-5p","PFN2"
"hsa-miR-138-5p","FERMT2"
"hsa-miR-138-5p","EID1"
"hsa-miR-138-5p","LIN52"
"hsa-miR-140-5p","E2F3"
"hsa-miR-140-5p","MMD"
"hsa-miR-141-3p","E2F3"
"hsa-miR-141-3p","TRMT112"
"hsa-miR-141-3p","RAP2C"
"hsa-miR-141-3p","SEPTIN7"
"hsa-miR-141-3p","H2AZ1"
"hsa-miR-142-5p","B2M"
"hsa-miR-142-5p","LAPTM4A"
"hsa-miR-142-5p","ATP5MC3"
"hsa-miR-142-3p","MMD"
"hsa-miR-142-3p","CLIC4"
"hsa-miR-142-3p","CDC6"
"hsa-miR-142-3p","GPC4"
"hsa-miR-142-3p","GNAS"
"hsa-miR-142-3p","ITGAV"
"hsa-miR-142-3p","PPP1R2"
"hsa-miR-142-3p","PSMB5"
"hsa-miR-142-3p","MORF4L2"
"hsa-miR-142-3p","MORF4L1"
"hsa-miR-142-3p","DNAJB4"
"hsa-miR-142-3p","FAM98A"
"hsa-miR-142-3p","ENAH"
"hsa-miR-142-3p","PCDHB14"
"hsa-miR-142-3p","TWSG1"
"hsa-miR-142-3p","AGBL2"
"hsa-miR-142-3p","BRMS1L"
"hsa-miR-142-3p","BOD1"
"hsa-miR-142-3p","ARL14EP"
"hsa-miR-142-3p","C5orf24"
"hsa-miR-142-3p","FAM177A1"
"hsa-miR-142-3p","MANBAL"
"hsa-miR-142-3p","NR2C1"
"hsa-miR-142-3p","PNO1"
"hsa-miR-142-3p","TLCD5"
"hsa-miR-143-3p","PTGS2"
"hsa-miR-143-3p","SERPINE1"
"hsa-miR-143-3p","VOPP1"
"hsa-miR-143-3p","BTF3L4"
"hsa-miR-144-3p","KPNA2"
"hsa-miR-145-5p","FAM3C"
"hsa-miR-145-5p","ERBB4"
"hsa-miR-145-5p","MMP1"
"hsa-miR-145-5p","STAT1"
"hsa-miR-145-5p","CDH2"
"hsa-miR-145-5p","EIF4E"
"hsa-miR-145-5p","GMFB"
"hsa-miR-145-5p","MEST"
"hsa-miR-145-5p","NDUFA4"
"hsa-miR-145-5p","SERPINE1"
"hsa-miR-145-5p","PTP4A2"
"hsa-miR-145-5p","ARL6IP5"
"hsa-miR-145-5p","MAP1LC3B"
"hsa-miR-145-5p","C11orf65"
"hsa-miR-145-5p","SERINC5"
"hsa-miR-145-5p","DENND10"
"hsa-miR-145-5p","CCN2"
"hsa-miR-152-3p","ITGA5"
"hsa-miR-152-3p","HSP90AA1"
"hsa-miR-152-3p","TNRC6B"
"hsa-miR-152-3p","RAB34"
"hsa-miR-152-3p","EOGT"
"hsa-miR-191-5p","SLC7A1"
"hsa-miR-191-5p","RGS2"
"hsa-miR-191-5p","TLE1"
"hsa-miR-191-5p","RRN3"
"hsa-miR-9-5p","IGF2BP1"
"hsa-miR-9-5p","HLA-A"
"hsa-miR-9-5p","IDS"
"hsa-miR-9-5p","POU2F2"
"hsa-miR-9-5p","SMARCA1"
"hsa-miR-9-5p","SRF"
"hsa-miR-9-5p","TAGLN"
"hsa-miR-9-5p","TGFBI"
"hsa-miR-9-5p","PXDN"
"hsa-miR-9-5p","KMT2D"
"hsa-miR-9-5p","LPXN"
"hsa-miR-9-5p","TBPL1"
"hsa-miR-9-5p","NFAT5"
"hsa-miR-9-5p","MTHFD2"
"hsa-miR-9-5p","MORF4L1"
"hsa-miR-9-5p","RAB34"
"hsa-miR-9-5p","TTC7B"
"hsa-miR-9-5p","EOGT"
"hsa-miR-9-5p","RNF146"
"hsa-miR-9-5p","SLC66A3"
"hsa-miR-9-5p","H2AC13"
"hsa-miR-9-5p","H2AC20"
"hsa-miR-9-3p","SLC25A12"
"hsa-miR-9-3p","LUC7L3"
"hsa-miR-125a-5p","E2F3"
"hsa-miR-125a-5p","EEF1A1"
"hsa-miR-125a-5p","GOLGA8A"
"hsa-miR-125a-5p","PDCL3"
"hsa-miR-125a-5p","ANAPC16"
"hsa-miR-125a-5p","NPM1"
"hsa-miR-125a-5p","LYPLA1"
"hsa-miR-125a-5p","ZBTB7A"
"hsa-miR-127-3p","SEPTIN7"
"hsa-miR-134-5p","USP37"
"hsa-miR-136-5p","H2AZ2"
"hsa-miR-146a-5p","PTGS2"
"hsa-miR-146a-5p","STAT1"
"hsa-miR-146a-5p","BCL2A1"
"hsa-miR-146a-5p","IFI27"
"hsa-miR-146a-5p","IFIT1"
"hsa-miR-146a-5p","IFIT3"
"hsa-miR-146a-5p","SPP1"
"hsa-miR-146a-5p","ISG15"
"hsa-miR-146a-5p","IFI44"
"hsa-miR-146a-5p","COPS8"
"hsa-miR-146a-5p","IFI44L"
"hsa-miR-146a-5p","LIMD2"
"hsa-miR-146a-5p","RSAD2"
"hsa-miR-146a-5p","EPSTI1"
"hsa-miR-146a-5p","MSC"
"hsa-miR-146a-5p","S100A12"
"hsa-miR-146a-5p","DGCR6L"
"hsa-miR-146a-5p","CXCL8"
"hsa-miR-146a-5p","MOSMO"
"hsa-miR-149-5p","E2F3"
"hsa-miR-149-5p","RPLP0"
"hsa-miR-149-5p","EIF3C"
"hsa-miR-149-5p","HIPK2"
"hsa-miR-149-5p","KANSL1"
"hsa-miR-149-5p","EEF1B2"
"hsa-miR-185-5p","HMGA2"
"hsa-miR-185-5p","DNAJC8"
"hsa-miR-185-5p","ISCU"
"hsa-miR-185-5p","RAPH1"
"hsa-miR-185-5p","ITM2C"
"hsa-miR-186-5p","CREBL2"
"hsa-miR-186-5p","ACVR1"
"hsa-miR-186-5p","B2M"
"hsa-miR-186-5p","BTF3"
"hsa-miR-186-5p","GMFB"
"hsa-miR-186-5p","HSP90AA1"
"hsa-miR-186-5p","DNAJB9"
"hsa-miR-186-5p","PRKAB2"
"hsa-miR-186-5p","RPL29"
"hsa-miR-186-5p","SRSF2"
"hsa-miR-186-5p","SRSF6"
"hsa-miR-186-5p","YWHAH"
"hsa-miR-186-5p","HAT1"
"hsa-miR-186-5p","SRSF11"
"hsa-miR-186-5p","MTHFD2"
"hsa-miR-186-5p","TARDBP"
"hsa-miR-186-5p","MED4"
"hsa-miR-186-5p","C11orf24"
"hsa-miR-186-5p","PHTF2"
"hsa-miR-186-5p","GATAD2B"
"hsa-miR-186-5p","SNX6"
"hsa-miR-186-5p","NKAP"
"hsa-miR-186-5p","BTF3L4"
"hsa-miR-186-5p","FAM177A1"
"hsa-miR-186-5p","RANBP1"
"hsa-miR-186-5p","PDCD5"
"hsa-miR-186-5p","NMT1"
"hsa-miR-186-5p","MT-ATP6"
"hsa-miR-186-5p","MT-CO3"
"hsa-miR-190a-5p","ZNF264"
"hsa-miR-190a-5p","MED4"
"hsa-miR-193a-3p","E2F6"
"hsa-miR-193a-3p","HMGB1"
"hsa-miR-193a-3p","PLAU"
"hsa-miR-193a-3p","SRSF2"
"hsa-miR-193a-3p","LYRM2"
"hsa-miR-194-5p","HMGA2"
"hsa-miR-194-5p","CAV1"
"hsa-miR-194-5p","BMI1"
"hsa-miR-194-5p","CDH2"
"hsa-miR-195-5p","E2F3"
"hsa-miR-195-5p","RNF138"
"hsa-miR-195-5p","CALU"
"hsa-miR-195-5p","CAPZA2"
"hsa-miR-195-5p","DNAJA1"
"hsa-miR-195-5p","PCMT1"
"hsa-miR-195-5p","CDK17"
"hsa-miR-195-5p","RET"
"hsa-miR-195-5p","STXBP3"
"hsa-miR-195-5p","TARBP2"
"hsa-miR-195-5p","UBE2V1"
"hsa-miR-195-5p","KMT2D"
"hsa-miR-195-5p","SLC25A12"
"hsa-miR-195-5p","RPL14"
"hsa-miR-195-5p","TBPL1"
"hsa-miR-195-5p","BZW1"
"hsa-miR-195-5p","HNRNPDL"
"hsa-miR-195-5p","TNRC6B"
"hsa-miR-195-5p","ANAPC13"
"hsa-miR-195-5p","SCAMP5"
"hsa-miR-195-5p","ATP5MC3"
"hsa-miR-206","GJA1"
"hsa-miR-206","PTMA"
"hsa-miR-200c-3p","E2F3"
"hsa-miR-200c-3p","DNMT3B"
"hsa-miR-200c-3p","BMI1"
"hsa-miR-200c-3p","DNAJB9"
"hsa-miR-200c-3p","GEMIN2"
"hsa-miR-200c-3p","OSTM1"
"hsa-miR-200c-3p","RAP2C"
"hsa-miR-200c-3p","JAZF1"
"hsa-miR-200c-3p","SEPTIN7"
"hsa-miR-155-5p","AGTR1"
"hsa-miR-155-5p","SLC7A1"
"hsa-miR-155-5p","FAM3C"
"hsa-miR-155-5p","SOCS1"
"hsa-miR-155-5p","FOS"
"hsa-miR-155-5p","YWHAZ"
"hsa-miR-155-5p","STAT1"
"hsa-miR-155-5p","CLIC4"
"hsa-miR-155-5p","ADH5"
"hsa-miR-155-5p","ASNS"
"hsa-miR-155-5p","CALU"
"hsa-miR-155-5p","CD36"
"hsa-miR-155-5p","CD68"
"hsa-miR-155-5p","CDH2"
"hsa-miR-155-5p","TIMM8A"
"hsa-miR-155-5p","FKBP3"
"hsa-miR-155-5p","GNAS"
"hsa-miR-155-5p","MCAM"
"hsa-miR-155-5p","MEST"
"hsa-miR-155-5p","NASP"
"hsa-miR-155-5p","NEU1"
"hsa-miR-155-5p","OLR1"
"hsa-miR-155-5p","PFDN4"
"hsa-miR-155-5p","HTRA1"
"hsa-miR-155-5p","RAP1B"
"hsa-miR-155-5p","RCN2"
"hsa-miR-155-5p","RHEB"
"hsa-miR-155-5p","RING1"
"hsa-miR-155-5p","RPL39"
"hsa-miR-155-5p","RREB1"
"hsa-miR-155-5p","CCL2"
"hsa-miR-155-5p","SDCBP"
"hsa-miR-155-5p","SRSF2"
"hsa-miR-155-5p","TBCA"
"hsa-miR-155-5p","TCEA1"
"hsa-miR-155-5p","TERF1"
"hsa-miR-155-5p","TGM2"
"hsa-miR-155-5p","TPBG"
"hsa-miR-155-5p","VBP1"
"hsa-miR-155-5p","COPS3"
"hsa-miR-155-5p","DEGS1"
"hsa-miR-155-5p","PSMG1"
"hsa-miR-155-5p","EIF3C"
"hsa-miR-155-5p","EIF3F"
"hsa-miR-155-5p","BUD31"
"hsa-miR-155-5p","ARPC3"
"hsa-miR-155-5p","BET1"
"hsa-miR-155-5p","NSA2"
"hsa-miR-155-5p","ARL6IP5"
"hsa-miR-155-5p","RRAGA"
"hsa-miR-155-5p","NFAT5"
"hsa-miR-155-5p","MTHFD2"
"hsa-miR-155-5p","GLIPR1"
"hsa-miR-155-5p","PALLD"
"hsa-miR-155-5p","DPY19L1"
"hsa-miR-155-5p","TAF5L"
"hsa-miR-155-5p","OSTM1"
"hsa-miR-155-5p","TPRKB"
"hsa-miR-155-5p","GOLT1B"
"hsa-miR-155-5p","C3orf18"
"hsa-miR-155-5p","HSD17B7"
"hsa-miR-155-5p","LUC7L3"
"hsa-miR-155-5p","GAR1"
"hsa-miR-155-5p","ARGLU1"
"hsa-miR-155-5p","RIOK2"
"hsa-miR-155-5p","POLE4"
"hsa-miR-155-5p","CIAPIN1"
"hsa-miR-155-5p","TWSG1"
"hsa-miR-155-5p","KLHL42"
"hsa-miR-155-5p","SNX6"
"hsa-miR-155-5p","COLGALT1"
"hsa-miR-155-5p","CCDC82"
"hsa-miR-155-5p","MUS81"
"hsa-miR-155-5p","CDK5RAP3"
"hsa-miR-155-5p","HSDL1"
"hsa-miR-155-5p","RAB34"
"hsa-miR-155-5p","RAB6C"
"hsa-miR-155-5p","PNPT1"
"hsa-miR-155-5p","UBTD2"
"hsa-miR-155-5p","OSBPL9"
"hsa-miR-155-5p","ANAPC16"
"hsa-miR-155-5p","IKBIP"
"hsa-miR-155-5p","DNAJC19"
"hsa-miR-155-5p","GLIPR2"
"hsa-miR-155-5p","HNRNPA3"
"hsa-miR-155-5p","FAM177A1"
"hsa-miR-155-5p","KANSL1"
"hsa-miR-155-5p","EOGT"
"hsa-miR-155-5p","AMIGO2"
"hsa-miR-155-5p","CISD2"
"hsa-miR-155-5p","EIF3CL"
"hsa-miR-155-5p","RPS20"
"hsa-miR-155-5p","FEZ2"
"hsa-miR-155-5p","UQCRB"
"hsa-miR-155-5p","AAK1"
"hsa-miR-155-5p","MARVELD1"
"hsa-miR-155-5p","CXCL8"
"hsa-miR-155-5p","GET1"
"hsa-miR-155-5p","MIA2"
"hsa-miR-155-5p","RTF2"
"hsa-miR-155-5p","ZNRD2"
"hsa-miR-155-5p","POGLUT2"
"hsa-miR-155-5p","CCN1"
"hsa-miR-155-5p","NUP42"
"hsa-miR-29c-3p","LAMC2"
"hsa-miR-29c-3p","RNF138"
"hsa-miR-29c-3p","DNMT3B"
"hsa-miR-29c-3p","SPARC"
"hsa-miR-29c-3p","CD276"
"hsa-miR-29c-3p","COL5A2"
"hsa-miR-29c-3p","LIMS1"
"hsa-miR-29c-3p","LOX"
"hsa-miR-29c-3p","NASP"
"hsa-miR-29c-3p","PRKAB2"
"hsa-miR-29c-3p","REL"
"hsa-miR-29c-3p","MORF4L2"
"hsa-miR-29c-3p","SRSF10"
"hsa-miR-29c-3p","MTHFD2"
"hsa-miR-29c-3p","MORF4L1"
"hsa-miR-29c-3p","C1QTNF6"
"hsa-miR-29c-3p","TUBB2A"
"hsa-miR-29c-3p","CNBP"
"hsa-miR-29c-3p","DYNLT1"
"hsa-miR-29c-3p","P3H1"
"hsa-miR-200a-3p","GEMIN2"
"hsa-miR-200a-3p","TRMT112"
"hsa-miR-200a-3p","GDAP1"
"hsa-miR-200a-3p","RAP2C"
"hsa-miR-200a-3p","SEPTIN7"
"hsa-miR-200a-3p","H2AZ1"
"hsa-miR-34b-5p","FERMT2"
"hsa-miR-34c-5p","E2F3"
"hsa-miR-34c-5p","KMT2D"
"hsa-miR-301a-3p","ATP6V0E1"
"hsa-miR-301a-3p","CLIC4"
"hsa-miR-301a-3p","ACVR1"
"hsa-miR-301a-3p","CALM2"
"hsa-miR-301a-3p","CCT6A"
"hsa-miR-301a-3p","GMFB"
"hsa-miR-301a-3p","HPRT1"
"hsa-miR-301a-3p","SERPINE1"
"hsa-miR-301a-3p","PRNP"
"hsa-miR-301a-3p","RAN"
"hsa-miR-301a-3p","UBC"
"hsa-miR-301a-3p","ENPP4"
"hsa-miR-301a-3p","TNRC6B"
"hsa-miR-301a-3p","CBY1"
"hsa-miR-301a-3p","NRBF2"
"hsa-miR-301a-3p","RDH11"
"hsa-miR-301a-3p","RAB34"
"hsa-miR-301a-3p","BTF3L4"
"hsa-miR-301a-3p","MB21D2"
"hsa-miR-301a-3p","EOGT"
"hsa-miR-301a-3p","CCT8"
"hsa-miR-301a-3p","ZBTB7A"
"hsa-miR-99b-5p","RPS2"
"hsa-miR-130b-3p","ATP6V0E1"
"hsa-miR-130b-3p","DDX5"
"hsa-miR-130b-3p","ZNF264"
"hsa-miR-130b-3p","CLIC4"
"hsa-miR-130b-3p","ACVR1"
"hsa-miR-130b-3p","CALM2"
"hsa-miR-130b-3p","CCT6A"
"hsa-miR-130b-3p","GMFB"
"hsa-miR-130b-3p","HPRT1"
"hsa-miR-130b-3p","PRNP"
"hsa-miR-130b-3p","RAN"
"hsa-miR-130b-3p","RPA2"
"hsa-miR-130b-3p","SRSF7"
"hsa-miR-130b-3p","UBC"
"hsa-miR-130b-3p","ENPP4"
"hsa-miR-130b-3p","TNRC6B"
"hsa-miR-130b-3p","SNAPIN"
"hsa-miR-130b-3p","CBY1"
"hsa-miR-130b-3p","NRBF2"
"hsa-miR-130b-3p","RDH11"
"hsa-miR-130b-3p","RAP2C"
"hsa-miR-130b-3p","RAB34"
"hsa-miR-130b-3p","BTF3L4"
"hsa-miR-130b-3p","MB21D2"
"hsa-miR-130b-3p","KANSL1"
"hsa-miR-130b-3p","EOGT"
"hsa-miR-130b-3p","ZBTB7A"
"hsa-miR-30e-5p","RNF138"
"hsa-miR-30e-5p","ZNF264"
"hsa-miR-30e-5p","SOCS1"
"hsa-miR-30e-5p","BMI1"
"hsa-miR-30e-5p","EEF1A1"
"hsa-miR-30e-5p","HSP90AA1"
"hsa-miR-30e-5p","NAP1L1"
"hsa-miR-30e-5p","SERPINE1"
"hsa-miR-30e-5p","PPP1R2"
"hsa-miR-30e-5p","PSMB5"
"hsa-miR-30e-5p","RPA2"
"hsa-miR-30e-5p","SRSF7"
"hsa-miR-30e-5p","TBPL1"
"hsa-miR-30e-5p","LHFPL2"
"hsa-miR-30e-5p","NFAT5"
"hsa-miR-30e-5p","ENPP4"
"hsa-miR-30e-5p","PHTF2"
"hsa-miR-30e-5p","USP37"
"hsa-miR-30e-5p","GOLGA8B"
"hsa-miR-30e-5p","IKZF2"
"hsa-miR-30e-5p","PPP3CB"
"hsa-miR-30e-5p","SAE1"
"hsa-miR-30e-5p","CCDC71L"
"hsa-miR-30e-5p","CZIB"
"hsa-miR-30e-3p","HMGA2"
"hsa-miR-30e-3p","YWHAZ"
"hsa-miR-30e-3p","KPNA2"
"hsa-miR-30e-3p","EIF1"
"hsa-miR-30e-3p","MTHFD2"
"hsa-miR-30e-3p","RAB31"
"hsa-miR-30e-3p","GATAD2B"
"hsa-miR-30e-3p","EOGT"
"hsa-miR-365a-3p","ACVR1"
"hsa-miR-365a-3p","REL"
"hsa-miR-365a-3p","STK16"
"hsa-miR-365a-3p","GATAD2B"
"hsa-miR-365a-3p","KANSL1"
"hsa-miR-376c-3p","RAB1A"
"hsa-miR-376c-3p","MORF4L2"
"hsa-miR-369-3p","CALM2"
"hsa-miR-369-3p","HSPA13"
"hsa-miR-369-3p","OSTM1"
"hsa-miR-376a-3p","SRSF11"
"hsa-miR-377-3p","PXDN"
"hsa-miR-377-3p","EID1"
"hsa-miR-377-3p","ARMCX3"
"hsa-miR-377-3p","CSGALNACT2"
"hsa-miR-378a-5p","TNRC6B"
"hsa-miR-378a-5p","ENAH"
"hsa-miR-378a-3p","TUSC2"
"hsa-miR-378a-3p","PTMA"
"hsa-miR-378a-3p","RAP1B"
"hsa-miR-378a-3p","RPS7"
"hsa-miR-378a-3p","WTAP"
"hsa-miR-378a-3p","GOLGA8B"
"hsa-miR-378a-3p","PSMA3"
"hsa-miR-379-5p","IL11"
"hsa-miR-382-5p","DAD1"
"hsa-miR-382-5p","PRNP"
"hsa-miR-382-5p","RBM39"
"hsa-miR-382-5p","ARMCX3"
"hsa-miR-340-3p","YWHAZ"
"hsa-miR-340-3p","BPGM"
"hsa-miR-330-3p","ORC5"
"hsa-miR-330-3p","PCMT1"
"hsa-miR-330-3p","YWHAH"
"hsa-miR-330-3p","MOSMO"
"hsa-miR-328-3p","COPS3"
"hsa-miR-342-3p","RPS3A"
"hsa-miR-342-3p","SPAG7"
"hsa-miR-323a-3p","HNRNPA1"
"hsa-miR-148b-3p","LAMC2"
"hsa-miR-148b-3p","HMGB1"
"hsa-miR-148b-3p","ITGA5"
"hsa-miR-148b-3p","ACVR1"
"hsa-miR-148b-3p","BPGM"
"hsa-miR-148b-3p","CCT6A"
"hsa-miR-148b-3p","HLA-A"
"hsa-miR-148b-3p","HMGB3"
"hsa-miR-148b-3p","HSP90AA1"
"hsa-miR-148b-3p","INHBA"
"hsa-miR-148b-3p","LNPEP"
"hsa-miR-148b-3p","MATN3"
"hsa-miR-148b-3p","PRNP"
"hsa-miR-148b-3p","CCL11"
"hsa-miR-148b-3p","CXCL5"
"hsa-miR-148b-3p","SMARCA1"
"hsa-miR-148b-3p","SOX11"
"hsa-miR-148b-3p","NME5"
"hsa-miR-148b-3p","MORF4L1"
"hsa-miR-148b-3p","DNAJB4"
"hsa-miR-148b-3p","ADAMTS6"
"hsa-miR-148b-3p","TNRC6B"
"hsa-miR-148b-3p","SNAPIN"
"hsa-miR-148b-3p","GMPPB"
"hsa-miR-148b-3p","NOX4"
"hsa-miR-148b-3p","RHOF"
"hsa-miR-148b-3p","RAPH1"
"hsa-miR-148b-3p","CCDC92"
"hsa-miR-148b-3p","TMEM47"
"hsa-miR-148b-3p","RAB34"
"hsa-miR-148b-3p","PHLDB2"
"hsa-miR-148b-3p","NXPE3"
"hsa-miR-148b-3p","CTHRC1"
"hsa-miR-148b-3p","EOGT"
"hsa-miR-148b-3p","GLRX5"
"hsa-miR-148b-3p","ZDHHC6"
"hsa-miR-148b-3p","MT-ND2"
"hsa-miR-148b-3p","ARMT1"
"hsa-miR-331-3p","RPL29"
"hsa-miR-331-3p","RPS2"
"hsa-miR-331-3p","RPS12"
"hsa-miR-331-3p","PTP4A2"
"hsa-miR-331-3p","UBE2Q2"
"hsa-miR-331-3p","DEF8"
"hsa-miR-331-3p","PGAM1"
"hsa-miR-331-3p","AAK1"
"hsa-miR-324-5p","PPIA"
"hsa-miR-324-5p","PSME1"
"hsa-miR-324-5p","BTN3A1"
"hsa-miR-324-5p","RAPH1"
"hsa-miR-324-5p","AHNAK"
"hsa-miR-324-5p","DEF8"
"hsa-miR-324-5p","PSMD4"
"hsa-miR-324-3p","CD151"
"hsa-miR-324-3p","EEF1A1"
"hsa-miR-324-3p","RPL10"
"hsa-miR-324-3p","SRF"
"hsa-miR-324-3p","VOPP1"
"hsa-miR-324-3p","KLHDC2"
"hsa-miR-324-3p","AAK1"
"hsa-miR-324-3p","RPL10A"
"hsa-miR-338-3p","FOS"
"hsa-miR-338-3p","MRPS23"
"hsa-miR-345-5p","EIF1AX"
"hsa-miR-423-3p","RAP2C"
"hsa-miR-429","UBE2D1"
"hsa-miR-429","OSTM1"
"hsa-miR-429","RAP2C"
"hsa-miR-429","GPX8"
"hsa-miR-429","TUBB2A"
"hsa-miR-429","SEPTIN7"
"hsa-miR-449a","E2F3"
"hsa-miR-449a","KMT2D"
"hsa-miR-369-5p","DNMT3B"
"hsa-miR-329-3p","C1orf216"
"hsa-miR-484","YWHAZ"
"hsa-miR-484","HSP90AA1"
"hsa-miR-484","PLOD1"
"hsa-miR-484","PRPS1"
"hsa-miR-484","RPL5"
"hsa-miR-484","RPLP0"
"hsa-miR-484","PSMG1"
"hsa-miR-484","BLOC1S6"
"hsa-miR-484","PTRH2"
"hsa-miR-484","GATAD2B"
"hsa-miR-484","HNRNPA3"
"hsa-miR-484","DSTN"
"hsa-miR-484","CHCHD2"
"hsa-miR-484","MT-CO3"
"hsa-miR-485-5p","HMGA2"
"hsa-miR-485-3p","LNPEP"
"hsa-miR-485-3p","SRSF2"
"hsa-miR-487a-3p","SMIM13"
"hsa-miR-146b-5p","BCL7B"
"hsa-miR-146b-5p","MOSMO"
"hsa-miR-432-5p","SPARC"
"hsa-miR-432-5p","PHLDB2"
"hsa-miR-432-5p","P3H1"
"hsa-miR-494-3p","BMI1"
"hsa-miR-494-3p","RHOB"
"hsa-miR-494-3p","PDIA3"
"hsa-miR-494-3p","PROS1"
"hsa-miR-494-3p","CYCS"
"hsa-miR-494-3p","HNRNPA3"
"hsa-miR-494-3p","SMIM13"
"hsa-miR-495-3p","BMI1"
"hsa-miR-495-3p","HSP90AA1"
"hsa-miR-495-3p","PCMT1"
"hsa-miR-495-3p","PRNP"
"hsa-miR-495-3p","CCL2"
"hsa-miR-495-3p","ZNF460"
"hsa-miR-495-3p","BTF3L4"
"hsa-miR-495-3p","CNBP"
"hsa-miR-193b-3p","E2F6"
"hsa-miR-193b-3p","HMGB1"
"hsa-miR-193b-3p","YWHAZ"
"hsa-miR-193b-3p","PLAU"
"hsa-miR-193b-3p","CLIC4"
"hsa-miR-193b-3p","ACTN1"
"hsa-miR-193b-3p","CDC6"
"hsa-miR-193b-3p","HPRT1"
"hsa-miR-193b-3p","DNAJA1"
"hsa-miR-193b-3p","KPNA2"
"hsa-miR-193b-3p","PCNA"
"hsa-miR-193b-3p","PFDN2"
"hsa-miR-193b-3p","PRNP"
"hsa-miR-193b-3p","RPL9"
"hsa-miR-193b-3p","SOAT1"
"hsa-miR-193b-3p","SPTBN2"
"hsa-miR-193b-3p","EIF1"
"hsa-miR-193b-3p","PRDX3"
"hsa-miR-193b-3p","SEPHS1"
"hsa-miR-193b-3p","DONSON"
"hsa-miR-193b-3p","C11orf24"
"hsa-miR-193b-3p","EPDR1"
"hsa-miR-193b-3p","CENPQ"
"hsa-miR-193b-3p","COPRS"
"hsa-miR-193b-3p","PCYOX1L"
"hsa-miR-193b-3p","DSCC1"
"hsa-miR-193b-3p","MAP7D3"
"hsa-miR-193b-3p","LPCAT1"
"hsa-miR-193b-3p","DSN1"
"hsa-miR-193b-3p","LRR1"
"hsa-miR-193b-3p","BCL9L"
"hsa-miR-193b-3p","MXRA7"
"hsa-miR-193b-3p","PGAM1"
"hsa-miR-193b-3p","UCHL1"
"hsa-miR-193b-3p","LYRM2"
"hsa-miR-193b-3p","NT5C3B"
"hsa-miR-193b-3p","FAM50A"
"hsa-miR-193b-3p","RPS18"
"hsa-miR-193b-3p","RFLNB"
"hsa-miR-193b-3p","PHETA2"
"hsa-miR-193b-3p","H1-3"
"hsa-miR-497-5p","E2F3"
"hsa-miR-497-5p","CALU"
"hsa-miR-497-5p","EIF4E"
"hsa-miR-497-5p","DNAJA1"
"hsa-miR-497-5p","KMT2D"
"hsa-miR-497-5p","RPL14"
"hsa-miR-497-5p","TBPL1"
"hsa-miR-497-5p","BZW1"
"hsa-miR-497-5p","HNRNPDL"
"hsa-miR-497-5p","ANAPC13"
"hsa-miR-181d-5p","HMGA2"
"hsa-miR-181d-5p","RAN"
"hsa-miR-181d-5p","RAP1B"
"hsa-miR-181d-5p","LPCAT1"
"hsa-miR-512-3p","TNRC6B"
"hsa-miR-518b","RAP1B"
"hsa-miR-520c-3p","DAD1"
"hsa-miR-520c-3p","LIN52"
"hsa-miR-519d-3p","PRNP"
"hsa-miR-519d-3p","RPS27A"
"hsa-miR-520h","ATP6V0E1"
"hsa-miR-18a-3p","LNPEP"
"hsa-miR-18a-3p","PPIA"
"hsa-miR-18a-3p","SRF"
"hsa-miR-18a-3p","HIPK2"
"hsa-miR-493-3p","RPL3"
"hsa-miR-493-3p","DKK1"
"hsa-miR-539-5p","TWIST1"
"hsa-miR-487b-3p","BMI1"
"hsa-miR-92b-3p","HMGA2"
"hsa-miR-92b-3p","BMPR1A"
"hsa-miR-92b-3p","CD69"
"hsa-miR-92b-3p","DNAJB9"
"hsa-miR-92b-3p","RAN"
"hsa-miR-92b-3p","GOLGA8A"
"hsa-miR-92b-3p","MRPS23"
"hsa-miR-92b-3p","C11orf24"
"hsa-miR-92b-3p","RRN3"
"hsa-miR-92b-3p","PHTF2"
"hsa-miR-92b-3p","GATAD2B"
"hsa-miR-92b-3p","KLHL42"
"hsa-miR-92b-3p","SLC25A32"
"hsa-miR-92b-3p","BRMS1L"
"hsa-miR-92b-3p","CNEP1R1"
"hsa-miR-92b-3p","GOLGA8B"
"hsa-miR-92b-3p","NPM1"
"hsa-miR-92b-3p","IKZF2"
"hsa-miR-92b-3p","EID2B"
"hsa-miR-92b-3p","SELENOT"
"hsa-miR-92b-3p","H3-5"
"hsa-miR-570-3p","DNAJB9"
"hsa-miR-570-3p","SRSF2"
"hsa-miR-573","ENPP4"
"hsa-miR-576-5p","HPRT1"
"hsa-miR-577","IGF2BP1"
"hsa-miR-577","CLIC4"
"hsa-miR-577","RAN"
"hsa-miR-579-3p","RAN"
"hsa-miR-579-3p","REEP5"
"hsa-miR-579-3p","DPH3"
"hsa-miR-582-5p","KPNA2"
"hsa-miR-582-5p","DPY19L1"
"hsa-miR-584-5p","PPIL1"
"hsa-miR-548a-3p","CRLS1"
"hsa-miR-548b-3p","MORF4L2"
"hsa-miR-548b-3p","TNRC6B"
"hsa-miR-615-3p","VIM"
"hsa-miR-615-3p","ASNS"
"hsa-miR-615-3p","CDC6"
"hsa-miR-615-3p","GNAS"
"hsa-miR-615-3p","YBX1"
"hsa-miR-615-3p","PTMA"
"hsa-miR-615-3p","RPS2"
"hsa-miR-615-3p","KMT2D"
"hsa-miR-615-3p","HIPK2"
"hsa-miR-615-3p","MRPS15"
"hsa-miR-615-3p","AKTIP"
"hsa-miR-615-3p","SAE1"
"hsa-miR-615-3p","MAGEF1"
"hsa-miR-615-3p","GLA"
"hsa-miR-616-5p","TES"
"hsa-miR-625-5p","KMT2D"
"hsa-miR-627-5p","KANSL1"
"hsa-miR-33b-5p","HMGA2"
"hsa-miR-33b-5p","YWHAH"
"hsa-miR-636","HNRNPA3"
"hsa-miR-641","EIF4A2"
"hsa-miR-641","TES"
"hsa-miR-641","GOLT1B"
"hsa-miR-642a-5p","ATP6V0E1"
"hsa-miR-642a-5p","RHOB"
"hsa-miR-548d-3p","RHOB"
"hsa-miR-548d-3p","HNRNPA1"
"hsa-miR-548d-3p","INHBA"
"hsa-miR-449b-5p","E2F3"
"hsa-miR-449b-5p","KMT2D"
"hsa-miR-376a-5p","PTMA"
"hsa-miR-376a-5p","BZW1"
"hsa-miR-425-5p","MED4"
"hsa-miR-425-5p","ATP5MC3"
"hsa-miR-454-3p","ATP6V0E1"
"hsa-miR-454-3p","CLIC4"
"hsa-miR-454-3p","CALM2"
"hsa-miR-454-3p","GMFB"
"hsa-miR-454-3p","HPRT1"
"hsa-miR-454-3p","RAN"
"hsa-miR-454-3p","UBC"
"hsa-miR-454-3p","TNRC6B"
"hsa-miR-454-3p","SNAPIN"
"hsa-miR-454-3p","CBY1"
"hsa-miR-454-3p","RDH11"
"hsa-miR-454-3p","UBR7"
"hsa-miR-454-3p","RAP2C"
"hsa-miR-454-3p","BTF3L4"
"hsa-miR-454-3p","MB21D2"
"hsa-miR-454-3p","SPTSSA"
"hsa-miR-454-3p","EOGT"
"hsa-miR-454-3p","UQCRB"
"hsa-miR-454-3p","ZBTB7A"
"hsa-miR-769-3p","UBC"
"hsa-miR-765","TNRC6B"
"hsa-miR-675-5p","NOMO1"
"hsa-let-7a-3p","TTC33"
"hsa-let-7b-3p","TTC33"
"hsa-let-7b-3p","TES"
"hsa-let-7e-3p","COPS8"
"hsa-let-7e-3p","COPS6"
"hsa-miR-16-1-3p","HMGA2"
"hsa-miR-16-1-3p","BEX3"
"hsa-miR-19b-1-5p","IGF2BP1"
"hsa-miR-19b-1-5p","CALM2"
"hsa-miR-19b-1-5p","RPLP0"
"hsa-miR-19b-1-5p","BZW1"
"hsa-miR-19b-1-5p","GTF2H5"
"hsa-miR-20a-3p","CCN1"
"hsa-miR-21-3p","SOX11"
"hsa-miR-21-3p","FAM241A"
"hsa-miR-22-5p","C1orf52"
"hsa-miR-27a-5p","TUBB2A"
"hsa-miR-27a-5p","H1-4"
"hsa-miR-33a-3p","HSPA13"
"hsa-miR-33a-3p","AKAP17A"
"hsa-miR-92a-1-5p","PTMA"
"hsa-miR-92a-1-5p","KMT2D"
"hsa-miR-99a-3p","SLC46A3"
"hsa-miR-101-5p","CDK17"
"hsa-miR-29b-2-5p","POU2F2"
"hsa-miR-16-2-3p","B2M"
"hsa-miR-16-2-3p","RAB1A"
"hsa-miR-16-2-3p","SUB1"
"hsa-miR-192-3p","KANSL1"
"hsa-miR-30c-2-3p","ZNF264"
"hsa-miR-10a-3p","CLIC4"
"hsa-miR-181c-3p","ATP5MC3"
"hsa-miR-214-5p","CBS"
"hsa-let-7g-3p","CALM2"
"hsa-let-7g-3p","HAT1"
"hsa-let-7g-3p","RAPH1"
"hsa-let-7g-3p","TLCD5"
"hsa-miR-15b-3p","GLRX5"
"hsa-miR-141-5p","HSP90AA1"
"hsa-miR-125a-3p","BTF3L4"
"hsa-miR-125a-3p","RPL13A"
"hsa-miR-125b-2-3p","GMFB"
"hsa-miR-125b-2-3p","PTMA"
"hsa-miR-125b-2-3p","JKAMP"
"hsa-miR-129-2-3p","CLIC4"
"hsa-miR-129-2-3p","SLC25A12"
"hsa-miR-129-2-3p","DNAJB5"
"hsa-miR-129-2-3p","SAE1"
"hsa-miR-136-3p","HNRNPC"
"hsa-miR-136-3p","COPS4"
"hsa-miR-185-3p","SLC7A1"
"hsa-miR-185-3p","IDS"
"hsa-miR-186-3p","TNRC6B"
"hsa-miR-186-3p","CYCS"
"hsa-miR-200c-5p","HSP90AA1"
"hsa-miR-29c-5p","BTF3L4"
"hsa-miR-30c-1-3p","ZNF264"
"hsa-miR-99b-3p","SLC46A3"
"hsa-miR-296-3p","PTMA"
"hsa-miR-296-3p","KMT2D"
"hsa-miR-296-3p","MT-ND2"
"hsa-miR-296-3p","MT-CO3"
"hsa-miR-296-3p","H2BC18"
"hsa-miR-296-3p","H2BC4"
"hsa-miR-130b-5p","RPL36AL"
"hsa-miR-130b-5p","METTL15"
"hsa-miR-340-5p","ERH"
"hsa-miR-340-5p","DDX5"
"hsa-miR-340-5p","ANKRD29"
"hsa-miR-340-5p","ZNF264"
"hsa-miR-340-5p","TTC8"
"hsa-miR-340-5p","B2M"
"hsa-miR-340-5p","LIMS1"
"hsa-miR-340-5p","SRSF7"
"hsa-miR-340-5p","DEGS1"
"hsa-miR-340-5p","LAPTM4A"
"hsa-miR-340-5p","MORF4L1"
"hsa-miR-340-5p","HSDL1"
"hsa-miR-340-5p","MRPL36"
"hsa-miR-340-5p","TMEM263"
"hsa-miR-330-5p","ITGA5"
"hsa-miR-330-5p","ANXA6"
"hsa-miR-342-5p","AKR1B1"
"hsa-miR-342-5p","PSMC1"
"hsa-miR-342-5p","ZBTB7A"
"hsa-miR-342-5p","MT-ND2"
"hsa-miR-331-5p","CENPQ"
"hsa-miR-331-5p","PKIG"
"hsa-miR-338-5p","CAV1"
"hsa-miR-338-5p","BMI1"
"hsa-miR-338-5p","GATAD2B"
"hsa-miR-423-5p","E2F3"
"hsa-miR-423-5p","ATP6V1E1"
"hsa-miR-423-5p","OLR1"
"hsa-miR-423-5p","PPIA"
"hsa-miR-423-5p","TAGLN"
"hsa-miR-423-5p","EIF1"
"hsa-miR-423-5p","HIPK2"
"hsa-miR-423-5p","TSPYL6"
"hsa-miR-423-5p","MT-ATP6"
"hsa-miR-92b-5p","RNF146"
"hsa-miR-574-5p","YWHAZ"
"hsa-miR-574-5p","MRPS23"
"hsa-miR-574-5p","OSBPL9"
"hsa-miR-574-5p","RGS4"
"hsa-miR-576-3p","SRSF11"
"hsa-miR-576-3p","MTHFD2"
"hsa-miR-576-3p","BLOC1S6"
"hsa-miR-576-3p","BCL7B"
"hsa-miR-576-3p","POLR3F"
"hsa-miR-582-3p","RREB1"
"hsa-miR-629-5p","SDCBP"
"hsa-miR-629-5p","MTRF1L"
"hsa-miR-874-3p","E2F3"
"hsa-miR-874-3p","H4C3"
"hsa-miR-708-5p","BMI1"
"hsa-miR-708-5p","CXCL5"
"hsa-miR-708-5p","TSC22D1"
"hsa-miR-744-5p","HSPD1"
"hsa-miR-744-5p","TUBA1A"
"hsa-miR-744-5p","KMT2D"
"hsa-miR-744-5p","TNRC6B"
"hsa-miR-744-5p","UBL5"
"hsa-miR-744-5p","C8orf33"
"hsa-miR-744-5p","HNRNPC"
"hsa-miR-744-5p","NMT1"
"hsa-miR-744-5p","RPL18A"
"hsa-miR-744-5p","RPL7A"
"hsa-miR-744-5p","ATP5MC3"
"hsa-miR-744-5p","H1-4"
"hsa-miR-744-3p","TNRC6B"
"hsa-miR-744-3p","ATP5PB"
"hsa-miR-885-5p","BUB3"
"hsa-miR-877-5p","LNPEP"
"hsa-miR-877-5p","IGF2BP2"
"hsa-miR-877-5p","INPP4A"
"hsa-miR-877-3p","IGF2BP1"
"hsa-miR-877-3p","CCT7"
"hsa-miR-877-3p","TARDBP"
"hsa-miR-877-3p","NHSL1"
"hsa-miR-877-3p","SUMO1"
"hsa-miR-877-3p","RPL13A"
"hsa-miR-877-3p","H1-4"
"hsa-miR-543","FOS"
"hsa-miR-543","MED10"
"hsa-miR-543","TWIST1"
"hsa-miR-301b-3p","ATP6V0E1"
"hsa-miR-301b-3p","ACVR1"
"hsa-miR-301b-3p","CALM2"
"hsa-miR-301b-3p","CCT6A"
"hsa-miR-301b-3p","GMFB"
"hsa-miR-301b-3p","HPRT1"
"hsa-miR-301b-3p","PRNP"
"hsa-miR-301b-3p","RAN"
"hsa-miR-301b-3p","UBC"
"hsa-miR-301b-3p","ENPP4"
"hsa-miR-301b-3p","TNRC6B"
"hsa-miR-301b-3p","CBY1"
"hsa-miR-301b-3p","NRBF2"
"hsa-miR-301b-3p","RDH11"
"hsa-miR-301b-3p","RAB34"
"hsa-miR-301b-3p","BTF3L4"
"hsa-miR-301b-3p","MB21D2"
"hsa-miR-301b-3p","EOGT"
"hsa-miR-301b-3p","ZBTB7A"
"hsa-miR-216b-5p","ZBTB7A"
"hsa-miR-935","CKB"
"hsa-miR-940","SOAT1"
"hsa-miR-940","SOX11"
"hsa-miR-940","TNRC6B"
"hsa-miR-940","ENAH"
"hsa-miR-940","C5orf24"
"hsa-miR-941","CKS1B"
"hsa-miR-942-5p","RREB1"
"hsa-miR-942-5p","OSTM1"
"hsa-miR-942-5p","UQCRB"
"hsa-miR-944","EOGT"
"hsa-miR-1226-3p","EEF1A1"
"hsa-miR-1226-3p","RPA2"
"hsa-miR-1229-3p","IGF2BP1"
"hsa-miR-1229-3p","RPS15"
"hsa-miR-1229-3p","KMT2D"
"hsa-miR-1229-3p","TNRC6B"
"hsa-miR-1229-3p","TARDBP"
"hsa-miR-1229-3p","SCAMP5"
"hsa-miR-1229-3p","CHCHD2"
"hsa-miR-320b","PTP4A2"
"hsa-miR-320b","BCL9L"
"hsa-miR-320c","MT-CO3"
"hsa-miR-1271-5p","MORF4L1"
"hsa-miR-1301-3p","KMT2D"
"hsa-miR-1301-3p","PAIP1"
"hsa-miR-1301-3p","HIGD1A"
"hsa-miR-1180-3p","H2BC18"
"hsa-miR-548e-3p","CRLS1"
"hsa-miR-548e-3p","STARD3NL"
"hsa-miR-548j-5p","SH3BGRL"
"hsa-miR-1285-3p","RPL14"
"hsa-miR-1287-5p","VIM"
"hsa-miR-548k","HPRT1"
"hsa-miR-548k","NUP42"
"hsa-miR-1293","H2AC11"
"hsa-miR-548l","ATP5MC3"
"hsa-miR-1303","AHNAK"
"hsa-miR-1303","H2AZ1"
"hsa-miR-1304-5p","HMGA2"
"hsa-miR-1254","ISCA1"
"hsa-miR-548o-3p","CRLS1"
"hsa-miR-548i","SH3BGRL"
"hsa-miR-664a-3p","RAN"
"hsa-miR-1307-3p","PPIA"
"hsa-miR-1908-5p","MARVELD1"
"hsa-miR-103a-2-5p","TBCA"
"hsa-miR-103a-2-5p","NFAT5"
"hsa-miR-1976","EID2B"
"hsa-miR-1260b","HNRNPA1"
"hsa-miR-1260b","TARDBP"
"hsa-miR-1260b","CKB"
"hsa-miR-3174","KANSL1"
"hsa-miR-548w","SH3BGRL"
"hsa-miR-3187-3p","HMGN2"
"hsa-miR-3187-3p","CNBP"
"hsa-miR-3187-3p","LYRM2"
"hsa-miR-378c","RPS7"
"hsa-miR-378c","WTAP"
"hsa-miR-3605-5p","MORF4L2"
"hsa-miR-3605-5p","UBL5"
"hsa-miR-3607-3p","RRN3"
"hsa-miR-3613-3p","BTF3L4"
"hsa-miR-3619-5p","CALU"
"hsa-miR-3619-5p","MTHFD2"
"hsa-miR-3659","RAP2C"
"hsa-miR-3679-5p","CALU"
"hsa-miR-3679-5p","DNAJB9"
"hsa-miR-3679-5p","UBL5"
"hsa-miR-3928-3p","YWHAZ"
"hsa-miR-3928-3p","KMT2D"
"hsa-miR-3928-3p","GATAD2B"
"hsa-miR-548y","SH3BGRL"
"hsa-miR-378d","WTAP"
"hsa-miR-4461","SRSF6"
"hsa-miR-4517","C11orf58"
"hsa-miR-4517","ENPP4"
"hsa-miR-4524a-3p","TTC8"
"hsa-miR-4524a-3p","B2M"
"hsa-miR-3677-5p","ZBTB7A"
"hsa-miR-4685-3p","KMT2D"
"hsa-miR-4685-3p","RNF146"
"hsa-miR-1343-3p","SERPINA1"
"hsa-miR-1343-3p","VOPP1"
"hsa-miR-1343-3p","BTF3L4"
"hsa-miR-1343-3p","SAMD5"
"hsa-miR-1343-3p","FAM229B"
"hsa-miR-1343-3p","MTRF1L"
"hsa-miR-4705","GOLGA8A"
"hsa-miR-4742-3p","SNAPC1"
"hsa-miR-4742-3p","NGDN"
"hsa-miR-4766-3p","C5orf24"
"hsa-miR-5010-3p","IGF2BP1"
"hsa-miR-5010-3p","B2M"
"hsa-miR-548ar-3p","CRLS1"
"hsa-miR-548at-5p","TNRC6B"
"hsa-miR-5690","RNF146"
"hsa-miR-301a-5p","ULK2"
"hsa-miR-561-5p","SMIM13"
"hsa-miR-1306-5p","KMT2D"
"hsa-miR-365b-3p","REL"
"hsa-miR-365b-3p","KANSL1"
